-- phpMyAdmin SQL Dump
-- version 4.0.10deb1
-- http://www.phpmyadmin.net
--
-- Počítač: localhost
-- Vygenerováno: Pon 11. kvě 2015, 10:28
-- Verze serveru: 5.5.41-0ubuntu0.14.04.1
-- Verze PHP: 5.5.9-1ubuntu4.7

SET SQL_MODE = "NO_AUTO_VALUE_ON_ZERO";
SET time_zone = "+00:00";


/*!40101 SET @OLD_CHARACTER_SET_CLIENT=@@CHARACTER_SET_CLIENT */;
/*!40101 SET @OLD_CHARACTER_SET_RESULTS=@@CHARACTER_SET_RESULTS */;
/*!40101 SET @OLD_COLLATION_CONNECTION=@@COLLATION_CONNECTION */;
/*!40101 SET NAMES utf8 */;

--
-- Databáze: `campis`
--

-- --------------------------------------------------------

--
-- Struktura tabulky `camp`
--

CREATE TABLE IF NOT EXISTS `camp` (
  `id` int(10) NOT NULL AUTO_INCREMENT,
  `active` tinyint(1) NOT NULL,
  `year` smallint(4) NOT NULL,
  `name` varchar(100) COLLATE utf8_czech_ci NOT NULL,
  PRIMARY KEY (`id`)
) ENGINE=InnoDB  DEFAULT CHARSET=utf8 COLLATE=utf8_czech_ci AUTO_INCREMENT=7 ;

--
-- Vypisuji data pro tabulku `camp`
--

INSERT INTO `camp` (`id`, `active`, `year`, `name`) VALUES
(1, 0, 1970, 'test'),
(2, 0, 1970, 'Test'),
(3, 1, 2015, 'Dračí pouť'),
(4, 1, 2012, 'Cesta kolem světa'),
(5, 1, 2013, 'Stroj času'),
(6, 1, 2014, 'Dobyvatelé');

-- --------------------------------------------------------

--
-- Struktura tabulky `category`
--

CREATE TABLE IF NOT EXISTS `category` (
  `id` int(10) NOT NULL AUTO_INCREMENT,
  `name` varchar(20) COLLATE utf8_czech_ci NOT NULL,
  `short` varchar(5) COLLATE utf8_czech_ci NOT NULL,
  PRIMARY KEY (`id`),
  UNIQUE KEY `short` (`short`)
) ENGINE=InnoDB  DEFAULT CHARSET=utf8 COLLATE=utf8_czech_ci AUTO_INCREMENT=7 ;

--
-- Vypisuji data pro tabulku `category`
--

INSERT INTO `category` (`id`, `name`, `short`) VALUES
(1, 'Nejmladší dívky', 'NMD'),
(2, 'Nejmladší chlapci', 'NMCH'),
(3, 'Mladší dívky', 'MD'),
(4, 'Mladší chlapci', 'MCH'),
(5, 'Starší dívky', 'SD'),
(6, 'Starší chlapci', 'SCH');

-- --------------------------------------------------------

--
-- Struktura tabulky `child`
--

CREATE TABLE IF NOT EXISTS `child` (
  `id` int(10) NOT NULL AUTO_INCREMENT,
  `active` tinyint(1) NOT NULL,
  `rc` varchar(10) COLLATE utf8_czech_ci NOT NULL,
  `name` varchar(20) COLLATE utf8_czech_ci NOT NULL,
  `surname` varchar(20) COLLATE utf8_czech_ci NOT NULL,
  `adress` varchar(100) COLLATE utf8_czech_ci NOT NULL,
  PRIMARY KEY (`id`),
  UNIQUE KEY `rc` (`rc`)
) ENGINE=InnoDB  DEFAULT CHARSET=utf8 COLLATE=utf8_czech_ci AUTO_INCREMENT=172 ;

--
-- Vypisuji data pro tabulku `child`
--

INSERT INTO `child` (`id`, `active`, `rc`, `name`, `surname`, `adress`) VALUES
(70, 1, '0108060000', 'Marian', 'Obrtlík', 'Tř. Bří. Čapků 11, Hodonín'),
(71, 1, '0506070000', 'Ondřej', 'Obrtlík', 'Tř. Bří. Čapků 11, Hodonín'),
(72, 1, '9954060000', 'Kateřina', 'Kopecká', 'Viklefova 2, Praha 3'),
(73, 1, '0405040000', 'Matyáš', 'Krša', 'U Túfarky 182, Čejkovice'),
(74, 1, '0261060000', 'Adéla', 'Kršová', 'U Túfarky 182, Čejkovice'),
(75, 1, '0653100000', 'Simona', 'Tihlaříková', 'Okružní 917, Čejkovice'),
(76, 1, '9962180000', 'Klára', 'Šustrová', 'Morávky 1404, Velké Bílovice'),
(77, 1, '0105300000', 'Viktor', 'Bajo', 'Jiráskova 12, Hodonín'),
(78, 1, '0054210000', 'Vendula', 'Motyková', 'Radniční 241, Starý Podvorov'),
(79, 1, '0104190000', 'Vilém', 'Motyka', 'Radniční 241, Starý Podvorov'),
(80, 1, '0011060000', 'Adam', 'Ivičič', 'Cihlářská 16, Hodonín'),
(81, 1, '9910290000', 'Ondřej', 'Veselský', 'Starý Podvorov 200'),
(82, 1, '0256200000', 'Nikola', 'Veselská', 'Starý Podvorov 200'),
(83, 1, '9902220000', 'Martin', 'Jež', 'Hutník 1403, Veselí nad Moravou'),
(84, 1, '0105180000', 'Leon', 'Herzán', 'Erbenova 3, Hodonín'),
(85, 1, '0201030000', 'Tomáš', 'Svozil', 'Lovčice 138'),
(86, 1, '0154300000', 'Michaela', 'Jakubová', 'Šafaříkova 1, Hodonín'),
(87, 1, '0503040000', 'Jakub', 'Zavadil', 'Nový Podvorov 23'),
(88, 1, '0655130000', 'Karolína', 'Zavadilová', 'Nový Podvorov 23'),
(89, 1, '0104240000', 'Matyáš', 'Maxima', 'Zelenohorská 530/23, Praha 8'),
(90, 1, '0060270000', 'Linda', 'Stárková', 'Řešovská 3, Praha 8'),
(91, 1, '0101100000', 'Patrik', 'Kolaja', 'Komenského 1166, Vracov'),
(92, 1, '0512110000', 'Ondřej', 'Jeřábek', 'Úzká 864, Čejkovice'),
(93, 1, '9959080000', 'Eliška', 'Jelenová', '- '),
(94, 1, '9910190000', 'Ondřej', 'Kulheim', 'Baráky 1162, Svatobořice'),
(95, 1, '0215280000', 'Kryštof', 'Lenhart', 'Pod Kostelem 1210, Svatobořice'),
(96, 1, '9910060000', 'Tomáš', 'Votrubec', '- '),
(97, 1, '9851310000', 'Andrea', 'Čermáková', 'Biskupcova, Praha 3'),
(98, 1, '9908060000', 'Pavel', 'Typlt', 'Horní 50, Josefov'),
(99, 1, '9801080000', 'Igor', 'Bajo', 'Jiráskova 12, Hodonín'),
(100, 1, '0112180000', 'Matěj', 'Exel', 'Borová 1717, 69642 Vracov'),
(101, 1, '0052020000', 'Kamila', 'Benovičová', 'Svatobořice 41'),
(102, 1, '0305020000', 'Lubomír', 'Červenka', 'Na Zelničkách 67, Svatobořice'),
(103, 1, '0009150000', 'Jakub', 'Horňák', 'Zámecká 829, Ždánice'),
(104, 1, '0104160000', 'Vojtěch', 'Chudý', 'Kaštýlek 25, Ždánice'),
(105, 1, '0206210000', 'Kamil', 'Svoboda', 'Lovčice 136'),
(106, 1, '0110090000', 'Jaroslav', 'Duroň', 'Mětečko 193, Ždánice'),
(107, 1, '9912190000', 'Martin', 'Kuthan', 'Lovčice 134'),
(108, 1, '9903090000', 'Petr', 'Lačňák', 'Hutník 1421, Veselí nad Moravou'),
(109, 1, '9710220000', 'Petr', 'Marčík', 'Patočkova 23, Hodonín'),
(110, 1, '0107130000', 'Jakub', 'Novák', 'Dubňany 669'),
(111, 1, '9809200000', 'Marek', 'Ševčík', 'Masarykovo nám. 5, Hustopeče'),
(112, 1, '0603290000', 'Jakub', 'Dvořáček', 'I. Olbrachta 2, Hodonín'),
(113, 1, '0010160000', 'Petr', 'Santler', 'Zámecká 861, Ždánice'),
(114, 1, '9903250000', 'Jakub', 'Kořínek', 'Kostelní 805, Ždánice'),
(115, 1, '0207010000', 'Jan', 'Lazorík', 'Anenská 4, hodonín'),
(116, 1, '9911150000', 'Jakub', 'Khol', 'Šardická 519, Svatobořice-Mistřín'),
(117, 1, '0455080000', 'Hana', 'Holišová', 'Brandlova 139, Hodonín'),
(118, 1, '0201060000', 'Vojtěch', 'Prčík', 'Dukelská 42, Hodonín'),
(119, 1, '0152120000', 'Kamila', 'Macáková', 'Hodonínská 366, Mutěnice'),
(120, 1, '0360280000', 'Pavlína', 'Čajková', 'velká nad Veličkou 297'),
(121, 1, '0457090000', 'Julie', 'Zámečníková', 'Velká nad Veličkou 801'),
(122, 1, '0301150000', 'Daniel', 'Cicko', '-'),
(123, 1, '0406060000', 'Jan', 'Svoboda', '-'),
(124, 1, '0011150000', 'Eduard', 'Tomeček', '-'),
(125, 1, '0008010000', 'Vojtěch', 'Lačňák', '-'),
(126, 1, '9862230000', 'Martina', 'Chlupová', '-'),
(127, 1, '9806030000', 'Daniel', 'Boltnar', '-'),
(128, 1, '0555190000', 'Tereta', 'Kouřilová', '-'),
(129, 1, '0205150000', 'Tomáš', 'Hrbáč', '-'),
(130, 1, '0356300000', 'Anna', 'Kuthanová', '-'),
(131, 1, '0309300000', 'Jakub', 'Jaroš', '-'),
(132, 1, '0101010000', 'PatrickKupka', 'Dave', '-'),
(133, 1, '0108210000', 'Petr', 'Zeman', '-'),
(134, 1, '9860280000', 'Tereza', 'Jeřábková', '-'),
(135, 1, '0503240000', 'Michal', 'Kužela', '-'),
(136, 1, '9807030000', 'Martin', 'Duroň', '-'),
(137, 1, '0303260000', 'Ondřej', 'Dobčák', '-'),
(138, 1, '0107170000', 'Vojtěch', 'Vavrač', '-'),
(139, 1, '9954060017', 'Kateřina', 'Kopecká', '-'),
(140, 1, '0060270023', 'Linda', 'Stárová', '-'),
(141, 1, '0104240268', 'Matyáš', 'Maxima', '-'),
(142, 1, '0103150003', 'Jakub', 'Knytl', '-'),
(143, 1, '0354290046', 'Vanda', 'Knytlová', '-'),
(144, 1, '9851311459', 'Andrea', 'Čermáková', '-'),
(145, 1, '9761040674', 'Štěpánka', 'Svejkovská', '-'),
(146, 1, '0012260666', 'Petr', 'Svejkovský', '-'),
(147, 1, '0108064649', 'Marián', 'Obrtlík', '-'),
(148, 1, '9806034601', 'Daniel', 'Boltnar', '-'),
(149, 1, '0201064644', 'Vojtěch', 'Prčík', '-'),
(150, 1, '0209244596', 'Tomáš', 'Dvořáček', '-'),
(151, 1, '0502282341', 'František', 'Dvořáček', '-'),
(152, 1, '9958201319', 'Lenka', 'Flášarová', '-'),
(153, 1, '9860284665', 'Tereza', 'Jeřábková', '-'),
(154, 1, '0012164647', 'Matěj', 'Hanák', '-'),
(155, 1, '0110095711', 'Jaroslav', 'Duroň', '-'),
(156, 1, '9809204349', 'Marek', 'Ševčík', '-'),
(157, 1, '0205284607', 'Kryštof', 'Lenhart', '-'),
(158, 1, '0011154671', 'Eduard', 'Tomeček', '-'),
(159, 1, '9902224607', 'Martin', 'Jež', '-'),
(160, 1, '0104164599', 'Vojtěch', 'Chudý', '-'),
(161, 1, '0104194651', 'Vilém', 'Motyka', '-'),
(162, 1, '0054214644', 'Vendula', 'Motyková', '-'),
(163, 1, '9910294647', 'Ondřej', 'Veselský', '-'),
(164, 1, '0256204663', 'Nikola', 'Veselská', '-'),
(165, 1, '9908064661', 'Pavel', 'Typlt', '-'),
(166, 1, '0011064647', 'Adam', 'Ivičič', '-'),
(167, 1, '9910194591', 'Ondřej', 'Kulhejm', '-'),
(168, 1, '0154304645', 'Michala', 'Jakubová', '-'),
(169, 1, '0151254675', 'Ester', 'Balgová', '-'),
(170, 1, '0101104630', 'Patrik', 'Kolaja', '-'),
(171, 1, '0108214645', 'Petr', 'Zeman', '-');

-- --------------------------------------------------------

--
-- Struktura tabulky `child_camp`
--

CREATE TABLE IF NOT EXISTS `child_camp` (
  `child_id` int(10) NOT NULL,
  `camp_id` int(10) NOT NULL,
  `team_id` int(10) NOT NULL,
  `category_id` int(10) NOT NULL,
  KEY `child` (`child_id`,`camp_id`),
  KEY `camp_id` (`camp_id`),
  KEY `team_id` (`team_id`),
  KEY `category_id` (`category_id`)
) ENGINE=InnoDB DEFAULT CHARSET=utf8 COLLATE=utf8_czech_ci;

--
-- Vypisuji data pro tabulku `child_camp`
--

INSERT INTO `child_camp` (`child_id`, `camp_id`, `team_id`, `category_id`) VALUES
(70, 6, 9, 4),
(71, 6, 8, 2),
(72, 6, 8, 5),
(73, 6, 6, 2),
(74, 6, 6, 3),
(75, 6, 7, 1),
(76, 6, 7, 5),
(77, 6, 6, 4),
(78, 6, 7, 5),
(79, 6, 9, 6),
(80, 6, 7, 6),
(81, 6, 7, 6),
(82, 6, 7, 3),
(83, 6, 6, 6),
(84, 6, 6, 4),
(85, 6, 8, 4),
(86, 6, 6, 3),
(87, 6, 7, 2),
(88, 6, 7, 1),
(89, 6, 8, 6),
(90, 6, 8, 5),
(91, 6, 9, 6),
(92, 6, 8, 2),
(93, 6, 8, 5),
(94, 6, 7, 6),
(95, 6, 9, 4),
(96, 6, 7, 6),
(97, 6, 9, 5),
(98, 6, 6, 6),
(99, 6, 8, 6),
(100, 6, 6, 4),
(101, 6, 9, 5),
(102, 6, 6, 4),
(103, 6, 8, 6),
(104, 6, 6, 6),
(105, 6, 7, 4),
(106, 6, 6, 4),
(107, 6, 7, 6),
(108, 6, 7, 6),
(109, 6, 8, 6),
(110, 6, 6, 4),
(111, 6, 9, 6),
(112, 6, 6, 2),
(113, 6, 7, 6),
(114, 6, 6, 6),
(115, 6, 6, 4),
(116, 6, 6, 6),
(117, 6, 6, 1),
(118, 6, 7, 4),
(119, 6, 7, 5),
(120, 6, 8, 3),
(121, 6, 9, 1),
(77, 5, 11, 4),
(99, 5, 11, 6),
(80, 5, 11, 4),
(70, 5, 10, 4),
(79, 5, 11, 4),
(78, 5, 11, 5),
(91, 5, 13, 4),
(118, 5, 12, 4),
(122, 5, 12, 4),
(76, 5, 13, 5),
(72, 5, 11, 5),
(89, 5, 11, 4),
(90, 5, 10, 3),
(94, 5, 12, 6),
(123, 5, 11, 2),
(124, 5, 10, 4),
(95, 5, 12, 4),
(108, 5, 12, 6),
(125, 5, 11, 4),
(86, 5, 13, 3),
(126, 5, 10, 5),
(105, 5, 10, 4),
(104, 5, 13, 4),
(127, 5, 12, 6),
(71, 5, 13, 2),
(106, 5, 13, 4),
(128, 5, 13, 1),
(129, 5, 11, 4),
(107, 5, 11, 6),
(130, 5, 10, 1),
(131, 5, 10, 2),
(132, 5, 12, 4),
(133, 5, 10, 4),
(83, 5, 12, 6),
(114, 5, 12, 6),
(109, 5, 13, 6),
(134, 5, 13, 5),
(103, 5, 12, 4),
(85, 5, 13, 4),
(135, 5, 11, 2),
(97, 5, 12, 5),
(84, 5, 10, 4),
(98, 5, 12, 6),
(136, 5, 13, 6),
(137, 5, 13, 4),
(138, 5, 10, 4),
(102, 5, 10, 2),
(93, 5, 10, 5),
(139, 4, 14, 5),
(140, 4, 17, 3),
(141, 4, 14, 4),
(142, 4, 17, 4),
(143, 4, 17, 1),
(144, 4, 14, 5),
(145, 4, 16, 5),
(146, 4, 14, 4),
(147, 4, 14, 4),
(148, 4, 16, 6),
(96, 4, 15, 4),
(93, 4, 14, 3),
(108, 4, 17, 6),
(149, 4, 17, 4),
(150, 4, 16, 2),
(151, 4, 16, 2),
(152, 4, 16, 3),
(153, 4, 16, 5),
(154, 4, 17, 4),
(155, 4, 14, 4),
(156, 4, 15, 6),
(103, 4, 15, 4),
(157, 4, 16, 2),
(158, 4, 15, 4),
(159, 4, 16, 6),
(99, 4, 15, 6),
(77, 4, 15, 4),
(160, 4, 14, 4),
(161, 4, 14, 4),
(162, 4, 16, 3),
(163, 4, 17, 4),
(164, 4, 17, 1),
(165, 4, 17, 4),
(166, 4, 14, 4),
(167, 4, 17, 4),
(168, 4, 16, 3),
(169, 4, 15, 3),
(170, 4, 15, 4),
(125, 4, 15, 4),
(171, 4, 15, 4);

-- --------------------------------------------------------

--
-- Struktura tabulky `function`
--

CREATE TABLE IF NOT EXISTS `function` (
  `id` int(10) NOT NULL AUTO_INCREMENT,
  `name` varchar(50) COLLATE utf8_czech_ci NOT NULL,
  `short` varchar(5) COLLATE utf8_czech_ci NOT NULL,
  PRIMARY KEY (`id`)
) ENGINE=InnoDB  DEFAULT CHARSET=utf8 COLLATE=utf8_czech_ci AUTO_INCREMENT=9 ;

--
-- Vypisuji data pro tabulku `function`
--

INSERT INTO `function` (`id`, `name`, `short`) VALUES
(1, 'Hlavní vedoucí tábora', 'HVT'),
(2, 'Zástupce hlavního vedoucího tábora', 'ZHVT'),
(3, 'Oddílový vedoucí', 'OV'),
(4, 'Oddílový instruktor', 'OI'),
(5, 'Kuchyň', 'KUCH'),
(6, 'Hospodář', 'HOSP'),
(7, 'Výpomoc', 'POM'),
(8, 'Zdravotník', 'ZDR');

-- --------------------------------------------------------

--
-- Struktura tabulky `game`
--

CREATE TABLE IF NOT EXISTS `game` (
  `id` int(10) NOT NULL AUTO_INCREMENT,
  `active` tinyint(1) NOT NULL,
  `name` varchar(100) COLLATE utf8_czech_ci NOT NULL,
  `description` varchar(1000) COLLATE utf8_czech_ci NOT NULL,
  `type` int(10) NOT NULL,
  PRIMARY KEY (`id`),
  UNIQUE KEY `name` (`name`),
  KEY `type` (`type`)
) ENGINE=InnoDB  DEFAULT CHARSET=utf8 COLLATE=utf8_czech_ci AUTO_INCREMENT=68 ;

--
-- Vypisuji data pro tabulku `game`
--

INSERT INTO `game` (`id`, `active`, `name`, `description`, `type`) VALUES
(1, 1, 'Šátkovaná', 'Hra s šátky na hřišti/louce. Čas cca 1 hod.', 4),
(2, 1, 'Fazolačka', 'Kolik fazolí zvládnete hodit do svého hrníčku?', 4),
(3, 1, 'Pamatovací závod', 'Vyhrává ten, kdo si zapamatuje nejvíce obrázků po trase závodu.', 1),
(4, 1, 'Netradiční závod', 'Závod s netradičními úkoly na stanovištích.', 1),
(5, 1, 'Cesta peklem', 'Celotáborová hra Cesta peklem.', 3),
(6, 1, 'Kolíkovaná', 'Hledání kolíků s čísly.', 4),
(7, 1, 'Zjisti sílu nepřítele', '', 2),
(8, 1, 'Hodnocení vlajek', 'Body za oddílové vlajky', 2),
(9, 1, 'DZBZ', 'Dukelský závod branné zdatnosti', 1),
(10, 1, 'Safari', 'Lov zvěře - sbírání lístečků', 2),
(11, 1, 'Ostatní', 'Blíže nespecifikovaná bodovanáí činnost', 4),
(12, 1, 'Nepřítel před branami', 'Dostaň se nepozorovaně do tábora, noční hra.', 5),
(13, 1, 'Kvízový závod', 'Závod jednotlivců s kvízovými otázkami.', 1),
(14, 1, 'Závod Cross', 'Závod jednotlivců, stanoviště vzduchovka, luk, prak', 1),
(15, 1, 'Osobní hodnocení', 'Hodnocení jednoltivců za aktivitu', 7),
(16, 1, 'Služba', 'Hodnocení splnění služby', 6),
(17, 1, 'CTH Itálie', 'Etapovka z cestyk kolem světa.', 3),
(34, 1, 'CTH Řecko', 'Etapovka z cestyk kolem světa.', 3),
(35, 1, 'CTH Rallye Paříž Dakar', 'Etapovka z cestyk kolem světa.', 3),
(36, 1, 'CTH Voda z oázy', 'Etapovka z cestyk kolem světa.', 3),
(37, 1, 'CTH Poklad Faraonů', 'Etapovka z cestyk kolem světa.', 3),
(38, 1, 'CTH Madagaskar', 'Etapovka z cestyk kolem světa.', 3),
(39, 1, 'CTH Austrálie', 'Etapovka z cestyk kolem světa.', 3),
(40, 1, 'CTH Vaření z asie', 'Etapovka z cestyk kolem světa.', 3),
(41, 1, 'CTH Nepál', 'Etapovka z cestyk kolem světa.', 3),
(42, 1, 'CTH Antarktida', 'Etapovka z cestyk kolem světa.', 3),
(43, 1, 'CTH Kanada', 'Etapovka z cestyk kolem světa.', 3),
(44, 1, 'CTH Golf v Americe', 'Etapovka z cestyk kolem světa.', 3),
(45, 1, 'CTH Knihovna kongresu', 'Etapovka z cestyk kolem světa.', 3),
(46, 1, 'CTH Amazonie', 'Etapovka z cestyk kolem světa.', 3),
(47, 1, 'CTH karneval v Riu', 'Etapovka z cestyk kolem světa.', 3),
(48, 1, 'Závod se střelbou', 'Blíže neurčený závod s různou střelbou,', 1),
(49, 1, 'CTH Budoucnost', 'Etapová hra Stroj času', 3),
(50, 1, 'CTH Virus', 'Etapová hra Stroj času', 3),
(51, 1, 'CTH Hon na titány', 'Etapová hra Stroj času', 3),
(52, 1, 'CTH Pravěk', 'Etapová hra Stroj času', 3),
(53, 1, 'CTH Král Artuš', 'Etapová hra Stroj času', 3),
(54, 1, 'CTH Starověké Řecko', 'Etapová hra Stroj času', 3),
(55, 1, 'CTH Útok', 'Etapovka z Dobyvatelů.', 3),
(56, 1, 'CTH Celebrity', 'Etapovka z Dobyvatelů.', 3),
(57, 1, 'CTH Cenné info', 'Etapovka z Dobyvatelů.', 3),
(58, 1, 'CTH Dědictví', 'Etapovka z Dobyvatelů.', 3),
(59, 1, 'CTH Dobytí sídla', 'Etapovka z Dobyvatelů.', 3),
(60, 1, 'CTH Majetek', 'Etapovka z Dobyvatelů.', 3),
(61, 1, 'CTH Městská štafeta', 'Etapovka z Dobyvatelů.', 3),
(62, 1, 'CTH Přestřelka', 'Etapovka z Dobyvatelů.', 3),
(63, 1, 'CTH Přesun sídla', 'Etapovka z Dobyvatelů.', 3),
(64, 1, 'CTH Tma', 'Etapovka z Dobyvatelů.', 3),
(65, 1, 'Bobříci', 'Zálesácké zkoušky- v CTH nazvané Mafiánské zkoušky', 5),
(66, 1, 'Střelecký souboj', 'Střlecký souboj, kde se soutěží ve trojicích nezávislých na oddílech.', 5),
(67, 1, 'Scénky', 'Předvádění divadelních scének', 2);

-- --------------------------------------------------------

--
-- Struktura tabulky `game_type`
--

CREATE TABLE IF NOT EXISTS `game_type` (
  `id` int(10) NOT NULL AUTO_INCREMENT,
  `active` tinyint(1) NOT NULL,
  `name` varchar(50) COLLATE utf8_czech_ci NOT NULL,
  PRIMARY KEY (`id`),
  UNIQUE KEY `name` (`name`)
) ENGINE=InnoDB  DEFAULT CHARSET=utf8 COLLATE=utf8_czech_ci AUTO_INCREMENT=8 ;

--
-- Vypisuji data pro tabulku `game_type`
--

INSERT INTO `game_type` (`id`, `active`, `name`) VALUES
(1, 1, 'Závod jednotlivců'),
(2, 1, 'Oddílová soutěž'),
(3, 1, 'Celotáborová hra'),
(4, 1, 'Doplňková hra'),
(5, 1, 'Soutěž jednotlivců'),
(6, 1, 'Služba'),
(7, 1, 'Osobní hodnocení');

-- --------------------------------------------------------

--
-- Struktura tabulky `lead`
--

CREATE TABLE IF NOT EXISTS `lead` (
  `id` int(10) NOT NULL AUTO_INCREMENT,
  `active` tinyint(1) NOT NULL,
  `name` varchar(20) COLLATE utf8_czech_ci NOT NULL,
  `surname` varchar(20) COLLATE utf8_czech_ci NOT NULL,
  `rc` varchar(10) COLLATE utf8_czech_ci NOT NULL,
  PRIMARY KEY (`id`)
) ENGINE=InnoDB  DEFAULT CHARSET=utf8 COLLATE=utf8_czech_ci AUTO_INCREMENT=36 ;

--
-- Vypisuji data pro tabulku `lead`
--

INSERT INTO `lead` (`id`, `active`, `name`, `surname`, `rc`) VALUES
(1, 1, 'Jiří', 'Galis', '9003020000'),
(2, 1, 'Karel', 'Polínek', '8510100000'),
(3, 1, 'Radim', 'Urbánek', '9111190000'),
(4, 1, 'Pavlína', 'Kyjovská', '9051050000'),
(5, 1, 'Nikola', 'Jakubová', '9162210000'),
(6, 1, 'Ondra', 'Hanák', '9604020000'),
(7, 1, 'Honza', 'Votrubec', '9511290000'),
(8, 1, 'Žaneta', 'Urbanová', '9459070000'),
(9, 1, 'Petr', 'Horáček', '9511150000'),
(10, 1, 'Katka', 'Jelenová', '9456110000'),
(11, 1, 'Igor', 'Bajo', '9801080000'),
(15, 1, 'Zdeňěk', 'Votrubec', '7406020000'),
(28, 1, 'Marian', 'Košutek', '8010260000'),
(29, 1, 'Katka', 'Macková', '9759190000'),
(30, 1, 'Nikola', 'Jakubová', '9102030000'),
(31, 1, 'Karolína', 'Foltýnová', '9358230000'),
(32, 1, 'Dita', 'Krabičková', '9557030000'),
(33, 1, 'Hanka', 'Wolfelová', '9156030000'),
(34, 1, 'Vojta', 'Marek', '9406030000'),
(35, 1, 'Filip', 'Kořínek', '9210100000');

-- --------------------------------------------------------

--
-- Struktura tabulky `lead_camp`
--

CREATE TABLE IF NOT EXISTS `lead_camp` (
  `lead_id` int(10) NOT NULL,
  `camp_id` int(10) NOT NULL,
  `function_id` int(10) NOT NULL,
  KEY `lead_id` (`lead_id`),
  KEY `camp_id` (`camp_id`),
  KEY `function_id` (`function_id`)
) ENGINE=InnoDB DEFAULT CHARSET=utf8 COLLATE=utf8_czech_ci;

--
-- Vypisuji data pro tabulku `lead_camp`
--

INSERT INTO `lead_camp` (`lead_id`, `camp_id`, `function_id`) VALUES
(1, 3, 1),
(2, 3, 2),
(3, 3, 3),
(4, 3, 3),
(5, 3, 3),
(6, 3, 4),
(7, 3, 4),
(8, 3, 3),
(9, 3, 4),
(10, 3, 4),
(11, 6, 4),
(15, 6, 3),
(1, 6, 1),
(3, 6, 2),
(4, 6, 3),
(6, 6, 4),
(8, 6, 3),
(7, 6, 4),
(1, 5, 2),
(7, 5, 4),
(6, 5, 4),
(28, 5, 1),
(10, 5, 3),
(29, 5, 4),
(8, 5, 3),
(4, 5, 3),
(3, 5, 3),
(9, 5, 4),
(1, 4, 7),
(30, 4, 3),
(3, 4, 3),
(31, 4, 4),
(8, 4, 3),
(32, 4, 4),
(33, 4, 3),
(34, 4, 4),
(6, 4, 4),
(35, 6, 4);

-- --------------------------------------------------------

--
-- Struktura tabulky `points_child`
--

CREATE TABLE IF NOT EXISTS `points_child` (
  `id` int(10) NOT NULL AUTO_INCREMENT,
  `active` tinyint(1) NOT NULL,
  `childId` int(10) NOT NULL,
  `points` int(10) NOT NULL,
  `game` int(10) NOT NULL,
  `date` varchar(30) COLLATE utf8_czech_ci NOT NULL,
  `camp` int(10) NOT NULL,
  PRIMARY KEY (`id`),
  KEY `childId` (`childId`,`game`,`camp`),
  KEY `camp` (`camp`),
  KEY `points_child_ibfk_2` (`game`)
) ENGINE=InnoDB  DEFAULT CHARSET=utf8 COLLATE=utf8_czech_ci AUTO_INCREMENT=4822 ;

--
-- Vypisuji data pro tabulku `points_child`
--

INSERT INTO `points_child` (`id`, `active`, `childId`, `points`, `game`, `date`, `camp`) VALUES
(1, 1, 75, 50, 4, '18.07.2014 12:57:36', 6),
(2, 1, 121, 40, 4, '18.07.2014 12:57:36', 6),
(3, 1, 117, 30, 4, '18.07.2014 12:57:36', 6),
(4, 1, 73, 50, 4, '18.07.2014 12:57:36', 6),
(5, 1, 112, 40, 4, '18.07.2014 12:57:36', 6),
(6, 1, 71, 30, 4, '18.07.2014 12:57:36', 6),
(7, 1, 74, 50, 4, '18.07.2014 12:57:36', 6),
(8, 1, 86, 40, 4, '18.07.2014 12:57:36', 6),
(9, 1, 82, 30, 4, '18.07.2014 12:57:36', 6),
(10, 1, 77, 50, 4, '18.07.2014 12:57:36', 6),
(11, 1, 85, 40, 4, '18.07.2014 12:57:36', 6),
(12, 1, 84, 30, 4, '18.07.2014 12:57:36', 6),
(13, 1, 76, 50, 4, '18.07.2014 12:57:36', 6),
(14, 1, 78, 40, 4, '18.07.2014 12:57:36', 6),
(15, 1, 72, 30, 4, '18.07.2014 12:57:36', 6),
(16, 1, 79, 50, 4, '18.07.2014 12:57:36', 6),
(17, 1, 103, 40, 4, '18.07.2014 12:57:36', 6),
(18, 1, 80, 30, 4, '18.07.2014 12:57:36', 6),
(19, 1, 88, 50, 48, '20.07.2014 20:02:11', 6),
(20, 1, 121, 40, 48, '20.07.2014 20:02:11', 6),
(21, 1, 117, 30, 48, '20.07.2014 20:02:11', 6),
(22, 1, 87, 50, 48, '20.07.2014 20:02:11', 6),
(23, 1, 92, 40, 48, '20.07.2014 20:02:11', 6),
(24, 1, 73, 30, 48, '20.07.2014 20:02:11', 6),
(25, 1, 74, 50, 48, '20.07.2014 20:02:11', 6),
(26, 1, 82, 40, 48, '20.07.2014 20:02:11', 6),
(27, 1, 86, 30, 48, '20.07.2014 20:02:11', 6),
(28, 1, 85, 50, 48, '20.07.2014 20:02:11', 6),
(29, 1, 115, 40, 48, '20.07.2014 20:02:11', 6),
(30, 1, 84, 30, 48, '20.07.2014 20:02:11', 6),
(31, 1, 78, 50, 48, '20.07.2014 20:02:11', 6),
(32, 1, 119, 40, 48, '20.07.2014 20:02:11', 6),
(33, 1, 90, 30, 48, '20.07.2014 20:02:11', 6),
(34, 1, 79, 50, 48, '20.07.2014 20:02:11', 6),
(35, 1, 94, 40, 48, '20.07.2014 20:02:11', 6),
(36, 1, 116, 30, 48, '20.07.2014 20:02:11', 6),
(120, 1, 75, 50, 13, '23.07.2014 12:24:17', 6),
(121, 1, 88, 40, 13, '23.07.2014 12:24:17', 6),
(122, 1, 112, 50, 13, '23.07.2014 12:24:17', 6),
(123, 1, 71, 40, 13, '23.07.2014 12:24:17', 6),
(124, 1, 87, 30, 13, '23.07.2014 12:24:17', 6),
(125, 1, 74, 50, 13, '23.07.2014 12:24:17', 6),
(126, 1, 82, 40, 13, '23.07.2014 12:24:17', 6),
(127, 1, 110, 50, 13, '23.07.2014 12:24:17', 6),
(128, 1, 77, 40, 13, '23.07.2014 12:24:17', 6),
(129, 1, 95, 30, 13, '23.07.2014 12:24:17', 6),
(130, 1, 76, 50, 13, '23.07.2014 12:24:17', 6),
(131, 1, 101, 40, 13, '23.07.2014 12:24:17', 6),
(132, 1, 78, 30, 13, '23.07.2014 12:24:17', 6),
(133, 1, 107, 50, 13, '23.07.2014 12:24:17', 6),
(134, 1, 111, 40, 13, '23.07.2014 12:24:17', 6),
(135, 1, 109, 30, 13, '23.07.2014 12:24:17', 6),
(136, 1, 71, 60, 66, '24.07.2014 18:31:07', 6),
(137, 1, 72, 60, 66, '24.07.2014 18:31:07', 6),
(138, 1, 75, 100, 66, '24.07.2014 18:31:07', 6),
(139, 1, 76, 60, 66, '24.07.2014 18:31:07', 6),
(140, 1, 107, 60, 66, '24.07.2014 18:31:07', 6),
(141, 1, 109, 80, 66, '24.07.2014 18:31:07', 6),
(142, 1, 110, 60, 66, '24.07.2014 18:31:07', 6),
(143, 1, 72, 60, 66, '24.07.2014 18:31:07', 6),
(144, 1, 77, 100, 66, '24.07.2014 18:31:07', 6),
(145, 1, 79, 100, 66, '24.07.2014 18:31:07', 6),
(146, 1, 81, 100, 66, '24.07.2014 18:31:07', 6),
(147, 1, 88, 80, 66, '24.07.2014 18:31:07', 6),
(148, 1, 90, 100, 66, '24.07.2014 18:31:07', 6),
(149, 1, 91, 100, 66, '24.07.2014 18:31:07', 6),
(150, 1, 96, 60, 66, '24.07.2014 18:31:07', 6),
(151, 1, 106, 60, 66, '24.07.2014 18:31:07', 6),
(152, 1, 109, 80, 66, '24.07.2014 18:31:07', 6),
(153, 1, 110, 60, 66, '24.07.2014 18:31:07', 6),
(154, 1, 111, 100, 66, '24.07.2014 18:31:07', 6),
(155, 1, 118, 80, 66, '24.07.2014 18:31:07', 6),
(156, 1, 119, 60, 66, '24.07.2014 18:31:07', 6),
(885, 1, 88, 50, 14, '16.07.2014 19:00:00', 6),
(886, 1, 75, 40, 14, '16.07.2014 19:00:00', 6),
(887, 1, 121, 30, 14, '16.07.2014 19:00:00', 6),
(888, 1, 112, 50, 14, '16.07.2014 19:00:00', 6),
(889, 1, 87, 40, 14, '16.07.2014 19:00:00', 6),
(890, 1, 92, 30, 14, '16.07.2014 19:00:00', 6),
(891, 1, 86, 50, 14, '16.07.2014 19:00:00', 6),
(892, 1, 120, 40, 14, '16.07.2014 19:00:00', 6),
(893, 1, 74, 30, 14, '16.07.2014 19:00:00', 6),
(894, 1, 110, 50, 14, '16.07.2014 19:00:00', 6),
(895, 1, 95, 40, 14, '16.07.2014 19:00:00', 6),
(896, 1, 100, 30, 14, '16.07.2014 19:00:00', 6),
(897, 1, 101, 50, 14, '16.07.2014 19:00:00', 6),
(898, 1, 97, 40, 14, '16.07.2014 19:00:00', 6),
(899, 1, 90, 30, 14, '16.07.2014 19:00:00', 6),
(900, 1, 108, 50, 14, '16.07.2014 19:00:00', 6),
(901, 1, 104, 40, 14, '16.07.2014 19:00:00', 6),
(902, 1, 89, 30, 14, '16.07.2014 19:00:00', 6),
(903, 1, 130, 50, 48, '16.07.2013 23:36:58', 5),
(904, 1, 128, 40, 48, '16.07.2013 23:36:58', 5),
(905, 1, 102, 50, 48, '16.07.2013 23:36:58', 5),
(906, 1, 71, 40, 48, '16.07.2013 23:36:58', 5),
(907, 1, 123, 30, 48, '16.07.2013 23:36:58', 5),
(908, 1, 90, 50, 48, '16.07.2013 23:36:58', 5),
(909, 1, 86, 40, 48, '16.07.2013 23:36:58', 5),
(910, 1, 104, 50, 48, '16.07.2013 23:36:58', 5),
(911, 1, 129, 40, 48, '16.07.2013 23:36:58', 5),
(912, 1, 106, 30, 48, '16.07.2013 23:36:58', 5),
(913, 1, 126, 50, 48, '16.07.2013 23:36:58', 5),
(914, 1, 72, 40, 48, '16.07.2013 23:36:58', 5),
(915, 1, 78, 30, 48, '16.07.2013 23:36:58', 5),
(916, 1, 98, 50, 48, '16.07.2013 23:36:58', 5),
(917, 1, 108, 40, 48, '16.07.2013 23:36:58', 5),
(918, 1, 107, 30, 48, '16.07.2013 23:36:58', 5),
(919, 1, 130, 50, 3, '17.04.2013 23:35:39', 5),
(920, 1, 128, 40, 3, '17.04.2013 23:35:39', 5),
(921, 1, 123, 50, 3, '17.04.2013 23:35:39', 5),
(922, 1, 71, 40, 3, '17.04.2013 23:35:39', 5),
(923, 1, 131, 30, 3, '17.04.2013 23:35:39', 5),
(924, 1, 86, 50, 3, '17.04.2013 23:35:39', 5),
(925, 1, 90, 40, 3, '17.04.2013 23:35:39', 5),
(926, 1, 91, 50, 3, '17.04.2013 23:35:39', 5),
(927, 1, 118, 40, 3, '17.04.2013 23:35:39', 5),
(928, 1, 129, 30, 3, '17.04.2013 23:35:39', 5),
(929, 1, 78, 50, 3, '17.04.2013 23:35:39', 5),
(930, 1, 76, 40, 3, '17.04.2013 23:35:39', 5),
(931, 1, 126, 30, 3, '17.04.2013 23:35:39', 5),
(932, 1, 94, 50, 3, '17.04.2013 23:35:39', 5),
(933, 1, 99, 40, 3, '17.04.2013 23:35:39', 5),
(934, 1, 107, 30, 3, '17.04.2013 23:35:39', 5),
(935, 1, 128, 50, 9, '21.07.2013 23:34:44', 5),
(936, 1, 130, 40, 9, '21.07.2013 23:34:44', 5),
(937, 1, 102, 50, 9, '21.07.2013 23:34:44', 5),
(938, 1, 131, 40, 9, '21.07.2013 23:34:44', 5),
(939, 1, 135, 30, 9, '21.07.2013 23:34:44', 5),
(940, 1, 86, 50, 9, '21.07.2013 23:34:44', 5),
(941, 1, 90, 40, 9, '21.07.2013 23:34:44', 5),
(942, 1, 137, 50, 9, '21.07.2013 23:34:44', 5),
(943, 1, 85, 40, 9, '21.07.2013 23:34:44', 5),
(944, 1, 84, 30, 9, '21.07.2013 23:34:44', 5),
(945, 1, 126, 50, 9, '21.07.2013 23:34:44', 5),
(946, 1, 97, 40, 9, '21.07.2013 23:34:44', 5),
(947, 1, 72, 30, 9, '21.07.2013 23:34:44', 5),
(948, 1, 94, 50, 9, '21.07.2013 23:34:44', 5),
(949, 1, 107, 40, 9, '21.07.2013 23:34:44', 5),
(950, 1, 98, 30, 9, '21.07.2013 23:34:44', 5),
(951, 1, 164, 50, 3, '18.07.2012 23:26:20', 4),
(952, 1, 143, 40, 3, '18.07.2012 23:26:20', 4),
(953, 1, 150, 50, 3, '18.07.2012 23:26:20', 4),
(954, 1, 151, 40, 3, '18.07.2012 23:26:20', 4),
(955, 1, 157, 30, 3, '18.07.2012 23:26:20', 4),
(956, 1, 152, 50, 3, '18.07.2012 23:26:20', 4),
(957, 1, 162, 40, 3, '18.07.2012 23:26:20', 4),
(958, 1, 140, 30, 3, '18.07.2012 23:26:20', 4),
(959, 1, 155, 50, 3, '18.07.2012 23:26:20', 4),
(960, 1, 146, 40, 3, '18.07.2012 23:26:20', 4),
(961, 1, 77, 30, 3, '18.07.2012 23:26:20', 4),
(962, 1, 153, 50, 3, '18.07.2012 23:26:20', 4),
(963, 1, 139, 40, 3, '18.07.2012 23:26:20', 4),
(964, 1, 145, 30, 3, '18.07.2012 23:26:20', 4),
(965, 1, 156, 50, 3, '18.07.2012 23:26:20', 4),
(966, 1, 108, 40, 3, '18.07.2012 23:26:20', 4),
(967, 1, 148, 30, 3, '18.07.2012 23:26:20', 4),
(968, 1, 164, 50, 9, '19.07.2012 23:27:18', 4),
(969, 1, 143, 40, 9, '19.07.2012 23:27:18', 4),
(970, 1, 157, 50, 9, '19.07.2012 23:27:18', 4),
(971, 1, 151, 40, 9, '19.07.2012 23:27:18', 4),
(972, 1, 150, 30, 9, '19.07.2012 23:27:18', 4),
(973, 1, 169, 50, 9, '19.07.2012 23:27:18', 4),
(974, 1, 168, 40, 9, '19.07.2012 23:27:18', 4),
(975, 1, 162, 30, 9, '19.07.2012 23:27:18', 4),
(976, 1, 171, 50, 9, '19.07.2012 23:27:18', 4),
(977, 1, 155, 40, 9, '19.07.2012 23:27:18', 4),
(978, 1, 160, 30, 9, '19.07.2012 23:27:18', 4),
(979, 1, 153, 50, 9, '19.07.2012 23:27:18', 4),
(980, 1, 139, 40, 9, '19.07.2012 23:27:18', 4),
(981, 1, 145, 30, 9, '19.07.2012 23:27:18', 4),
(982, 1, 159, 50, 9, '19.07.2012 23:27:18', 4),
(983, 1, 148, 40, 9, '19.07.2012 23:27:18', 4),
(984, 1, 156, 30, 9, '19.07.2012 23:27:18', 4),
(985, 1, 164, 50, 14, '23.07.2012 23:28:43', 4),
(986, 1, 143, 40, 14, '23.07.2012 23:28:43', 4),
(987, 1, 157, 50, 14, '23.07.2012 23:28:43', 4),
(988, 1, 151, 40, 14, '23.07.2012 23:28:43', 4),
(989, 1, 150, 30, 14, '23.07.2012 23:28:43', 4),
(990, 1, 168, 50, 14, '23.07.2012 23:28:43', 4),
(991, 1, 169, 40, 14, '23.07.2012 23:28:43', 4),
(992, 1, 162, 30, 14, '23.07.2012 23:28:43', 4),
(993, 1, 171, 50, 14, '23.07.2012 23:28:43', 4),
(994, 1, 77, 40, 14, '23.07.2012 23:28:43', 4),
(995, 1, 155, 30, 14, '23.07.2012 23:28:43', 4),
(996, 1, 153, 50, 14, '23.07.2012 23:28:43', 4),
(997, 1, 139, 40, 14, '23.07.2012 23:28:43', 4),
(998, 1, 144, 30, 14, '23.07.2012 23:28:43', 4),
(999, 1, 156, 50, 14, '23.07.2012 23:28:43', 4),
(1000, 1, 99, 40, 14, '23.07.2012 23:28:43', 4),
(1001, 1, 148, 30, 14, '23.07.2012 23:28:43', 4),
(1002, 1, 143, 50, 4, '16.07.2012 23:22:50', 4),
(1003, 1, 164, 40, 4, '16.07.2012 23:22:50', 4),
(1004, 1, 157, 50, 4, '16.07.2012 23:22:50', 4),
(1005, 1, 150, 40, 4, '16.07.2012 23:22:50', 4),
(1006, 1, 151, 30, 4, '16.07.2012 23:22:50', 4),
(1007, 1, 93, 50, 4, '16.07.2012 23:22:50', 4),
(1008, 1, 152, 40, 4, '16.07.2012 23:22:50', 4),
(1009, 1, 140, 30, 4, '16.07.2012 23:22:50', 4),
(1010, 1, 171, 50, 4, '16.07.2012 23:22:50', 4),
(1011, 1, 155, 40, 4, '16.07.2012 23:22:50', 4),
(1012, 1, 125, 30, 4, '16.07.2012 23:22:50', 4),
(1013, 1, 153, 50, 4, '16.07.2012 23:22:50', 4),
(1014, 1, 145, 40, 4, '16.07.2012 23:22:50', 4),
(1015, 1, 139, 30, 4, '16.07.2012 23:22:50', 4),
(1016, 1, 148, 50, 4, '16.07.2012 23:22:50', 4),
(1017, 1, 99, 40, 4, '16.07.2012 23:22:50', 4),
(1018, 1, 108, 30, 4, '16.07.2012 23:22:50', 4),
(1737, 1, 139, 1, 15, '15.07.2012 22:53:16', 4),
(1738, 1, 140, 4, 15, '15.07.2012 22:53:16', 4),
(1739, 1, 141, 2, 15, '15.07.2012 22:53:16', 4),
(1740, 1, 142, 2, 15, '15.07.2012 22:53:16', 4),
(1741, 1, 143, 3, 15, '15.07.2012 22:53:16', 4),
(1742, 1, 144, 5, 15, '15.07.2012 22:53:16', 4),
(1743, 1, 145, 2, 15, '15.07.2012 22:53:16', 4),
(1744, 1, 146, 3, 15, '15.07.2012 22:53:16', 4),
(1745, 1, 147, 10, 15, '15.07.2012 22:53:16', 4),
(1746, 1, 148, 7, 15, '15.07.2012 22:53:16', 4),
(1747, 1, 96, 9, 15, '15.07.2012 22:53:16', 4),
(1748, 1, 93, 10, 15, '15.07.2012 22:53:16', 4),
(1749, 1, 108, 3, 15, '15.07.2012 22:53:16', 4),
(1750, 1, 149, 10, 15, '15.07.2012 22:53:16', 4),
(1751, 1, 150, 8, 15, '15.07.2012 22:53:16', 4),
(1752, 1, 151, 8, 15, '15.07.2012 22:53:16', 4),
(1753, 1, 152, 4, 15, '15.07.2012 22:53:16', 4),
(1754, 1, 153, 4, 15, '15.07.2012 22:53:16', 4),
(1755, 1, 154, 1, 15, '15.07.2012 22:53:16', 4),
(1756, 1, 155, 2, 15, '15.07.2012 22:53:16', 4),
(1757, 1, 156, 5, 15, '15.07.2012 22:53:16', 4),
(1758, 1, 103, 7, 15, '15.07.2012 22:53:16', 4),
(1759, 1, 157, 2, 15, '15.07.2012 22:53:16', 4),
(1760, 1, 158, 4, 15, '15.07.2012 22:53:16', 4),
(1761, 1, 159, 7, 15, '15.07.2012 22:53:16', 4),
(1762, 1, 99, 2, 15, '15.07.2012 22:53:16', 4),
(1763, 1, 77, 7, 15, '15.07.2012 22:53:16', 4),
(1764, 1, 160, 10, 15, '15.07.2012 22:53:16', 4),
(1765, 1, 161, 5, 15, '15.07.2012 22:53:16', 4),
(1766, 1, 162, 5, 15, '15.07.2012 22:53:16', 4),
(1767, 1, 163, 4, 15, '15.07.2012 22:53:16', 4),
(1768, 1, 164, 2, 15, '15.07.2012 22:53:16', 4),
(1769, 1, 165, 5, 15, '15.07.2012 22:53:16', 4),
(1770, 1, 166, 4, 15, '15.07.2012 22:53:16', 4),
(1771, 1, 167, 2, 15, '15.07.2012 22:53:16', 4),
(1772, 1, 168, 10, 15, '15.07.2012 22:53:17', 4),
(1773, 1, 169, 4, 15, '15.07.2012 22:53:17', 4),
(1774, 1, 170, 5, 15, '15.07.2012 22:53:17', 4),
(1775, 1, 125, 6, 15, '15.07.2012 22:53:17', 4),
(1776, 1, 171, 8, 15, '15.07.2012 22:53:17', 4),
(1777, 1, 139, 0, 15, '16.07.2012 22:53:17', 4),
(1778, 1, 140, 9, 15, '16.07.2012 22:53:17', 4),
(1779, 1, 141, 2, 15, '16.07.2012 22:53:17', 4),
(1780, 1, 142, 8, 15, '16.07.2012 22:53:17', 4),
(1781, 1, 143, 7, 15, '16.07.2012 22:53:17', 4),
(1782, 1, 144, 10, 15, '16.07.2012 22:53:17', 4),
(1783, 1, 145, 5, 15, '16.07.2012 22:53:17', 4),
(1784, 1, 146, 9, 15, '16.07.2012 22:53:17', 4),
(1785, 1, 147, 8, 15, '16.07.2012 22:53:17', 4),
(1786, 1, 148, 5, 15, '16.07.2012 22:53:17', 4),
(1787, 1, 96, 9, 15, '16.07.2012 22:53:17', 4),
(1788, 1, 93, 7, 15, '16.07.2012 22:53:17', 4),
(1789, 1, 108, 1, 15, '16.07.2012 22:53:17', 4),
(1790, 1, 149, 9, 15, '16.07.2012 22:53:17', 4),
(1791, 1, 150, 0, 15, '16.07.2012 22:53:17', 4),
(1792, 1, 151, 0, 15, '16.07.2012 22:53:17', 4),
(1793, 1, 152, 8, 15, '16.07.2012 22:53:17', 4),
(1794, 1, 153, 10, 15, '16.07.2012 22:53:17', 4),
(1795, 1, 154, 7, 15, '16.07.2012 22:53:17', 4),
(1796, 1, 155, 7, 15, '16.07.2012 22:53:17', 4),
(1797, 1, 156, 9, 15, '16.07.2012 22:53:17', 4),
(1798, 1, 103, 5, 15, '16.07.2012 22:53:17', 4),
(1799, 1, 157, 8, 15, '16.07.2012 22:53:17', 4),
(1800, 1, 158, 3, 15, '16.07.2012 22:53:17', 4),
(1801, 1, 159, 7, 15, '16.07.2012 22:53:17', 4),
(1802, 1, 99, 5, 15, '16.07.2012 22:53:17', 4),
(1803, 1, 77, 3, 15, '16.07.2012 22:53:17', 4),
(1804, 1, 160, 9, 15, '16.07.2012 22:53:17', 4),
(1805, 1, 161, 3, 15, '16.07.2012 22:53:17', 4),
(1806, 1, 162, 2, 15, '16.07.2012 22:53:17', 4),
(1807, 1, 163, 4, 15, '16.07.2012 22:53:17', 4),
(1808, 1, 164, 6, 15, '16.07.2012 22:53:17', 4),
(1809, 1, 165, 1, 15, '16.07.2012 22:53:17', 4),
(1810, 1, 166, 1, 15, '16.07.2012 22:53:17', 4),
(1811, 1, 167, 2, 15, '16.07.2012 22:53:17', 4),
(1812, 1, 168, 2, 15, '16.07.2012 22:53:17', 4),
(1813, 1, 169, 4, 15, '16.07.2012 22:53:17', 4),
(1814, 1, 170, 4, 15, '16.07.2012 22:53:17', 4),
(1815, 1, 125, 1, 15, '16.07.2012 22:53:17', 4),
(1816, 1, 171, 8, 15, '16.07.2012 22:53:17', 4),
(1817, 1, 139, 6, 15, '17.07.2012 22:53:17', 4),
(1818, 1, 140, 3, 15, '17.07.2012 22:53:17', 4),
(1819, 1, 141, 5, 15, '17.07.2012 22:53:17', 4),
(1820, 1, 142, 4, 15, '17.07.2012 22:53:17', 4),
(1821, 1, 143, 9, 15, '17.07.2012 22:53:17', 4),
(1822, 1, 144, 2, 15, '17.07.2012 22:53:17', 4),
(1823, 1, 145, 8, 15, '17.07.2012 22:53:17', 4),
(1824, 1, 146, 5, 15, '17.07.2012 22:53:17', 4),
(1825, 1, 147, 4, 15, '17.07.2012 22:53:17', 4),
(1826, 1, 148, 8, 15, '17.07.2012 22:53:17', 4),
(1827, 1, 96, 5, 15, '17.07.2012 22:53:17', 4),
(1828, 1, 93, 7, 15, '17.07.2012 22:53:17', 4),
(1829, 1, 108, 8, 15, '17.07.2012 22:53:17', 4),
(1830, 1, 149, 1, 15, '17.07.2012 22:53:17', 4),
(1831, 1, 150, 9, 15, '17.07.2012 22:53:17', 4),
(1832, 1, 151, 8, 15, '17.07.2012 22:53:17', 4),
(1833, 1, 152, 1, 15, '17.07.2012 22:53:17', 4),
(1834, 1, 153, 3, 15, '17.07.2012 22:53:17', 4),
(1835, 1, 154, 2, 15, '17.07.2012 22:53:17', 4),
(1836, 1, 155, 5, 15, '17.07.2012 22:53:17', 4),
(1837, 1, 156, 3, 15, '17.07.2012 22:53:17', 4),
(1838, 1, 103, 4, 15, '17.07.2012 22:53:17', 4),
(1839, 1, 157, 6, 15, '17.07.2012 22:53:17', 4),
(1840, 1, 158, 0, 15, '17.07.2012 22:53:17', 4),
(1841, 1, 159, 6, 15, '17.07.2012 22:53:17', 4),
(1842, 1, 99, 6, 15, '17.07.2012 22:53:17', 4),
(1843, 1, 77, 9, 15, '17.07.2012 22:53:17', 4),
(1844, 1, 160, 10, 15, '17.07.2012 22:53:18', 4),
(1845, 1, 161, 3, 15, '17.07.2012 22:53:18', 4),
(1846, 1, 162, 6, 15, '17.07.2012 22:53:18', 4),
(1847, 1, 163, 10, 15, '17.07.2012 22:53:18', 4),
(1848, 1, 164, 5, 15, '17.07.2012 22:53:18', 4),
(1849, 1, 165, 4, 15, '17.07.2012 22:53:18', 4),
(1850, 1, 166, 8, 15, '17.07.2012 22:53:18', 4),
(1851, 1, 167, 6, 15, '17.07.2012 22:53:18', 4),
(1852, 1, 168, 8, 15, '17.07.2012 22:53:18', 4),
(1853, 1, 169, 10, 15, '17.07.2012 22:53:18', 4),
(1854, 1, 170, 10, 15, '17.07.2012 22:53:18', 4),
(1855, 1, 125, 2, 15, '17.07.2012 22:53:18', 4),
(1856, 1, 171, 6, 15, '17.07.2012 22:53:18', 4),
(1857, 1, 139, 8, 15, '18.07.2012 22:53:18', 4),
(1858, 1, 140, 9, 15, '18.07.2012 22:53:18', 4),
(1859, 1, 141, 3, 15, '18.07.2012 22:53:18', 4),
(1860, 1, 142, 3, 15, '18.07.2012 22:53:18', 4),
(1861, 1, 143, 10, 15, '18.07.2012 22:53:18', 4),
(1862, 1, 144, 8, 15, '18.07.2012 22:53:18', 4),
(1863, 1, 145, 3, 15, '18.07.2012 22:53:18', 4),
(1864, 1, 146, 1, 15, '18.07.2012 22:53:18', 4),
(1865, 1, 147, 1, 15, '18.07.2012 22:53:18', 4),
(1866, 1, 148, 4, 15, '18.07.2012 22:53:18', 4),
(1867, 1, 96, 2, 15, '18.07.2012 22:53:18', 4),
(1868, 1, 93, 6, 15, '18.07.2012 22:53:18', 4),
(1869, 1, 108, 5, 15, '18.07.2012 22:53:18', 4),
(1870, 1, 149, 8, 15, '18.07.2012 22:53:18', 4),
(1871, 1, 150, 5, 15, '18.07.2012 22:53:18', 4),
(1872, 1, 151, 5, 15, '18.07.2012 22:53:18', 4),
(1873, 1, 152, 5, 15, '18.07.2012 22:53:18', 4),
(1874, 1, 153, 9, 15, '18.07.2012 22:53:18', 4),
(1875, 1, 154, 2, 15, '18.07.2012 22:53:18', 4),
(1876, 1, 155, 4, 15, '18.07.2012 22:53:18', 4),
(1877, 1, 156, 1, 15, '18.07.2012 22:53:18', 4),
(1878, 1, 103, 2, 15, '18.07.2012 22:53:18', 4),
(1879, 1, 157, 5, 15, '18.07.2012 22:53:18', 4),
(1880, 1, 158, 2, 15, '18.07.2012 22:53:18', 4),
(1881, 1, 159, 3, 15, '18.07.2012 22:53:18', 4),
(1882, 1, 99, 4, 15, '18.07.2012 22:53:18', 4),
(1883, 1, 77, 9, 15, '18.07.2012 22:53:18', 4),
(1884, 1, 160, 8, 15, '18.07.2012 22:53:18', 4),
(1885, 1, 161, 4, 15, '18.07.2012 22:53:18', 4),
(1886, 1, 162, 0, 15, '18.07.2012 22:53:18', 4),
(1887, 1, 163, 9, 15, '18.07.2012 22:53:18', 4),
(1888, 1, 164, 1, 15, '18.07.2012 22:53:18', 4),
(1889, 1, 165, 10, 15, '18.07.2012 22:53:18', 4),
(1890, 1, 166, 1, 15, '18.07.2012 22:53:18', 4),
(1891, 1, 167, 3, 15, '18.07.2012 22:53:18', 4),
(1892, 1, 168, 5, 15, '18.07.2012 22:53:18', 4),
(1893, 1, 169, 8, 15, '18.07.2012 22:53:18', 4),
(1894, 1, 170, 9, 15, '18.07.2012 22:53:18', 4),
(1895, 1, 125, 0, 15, '18.07.2012 22:53:18', 4),
(1896, 1, 171, 9, 15, '18.07.2012 22:53:18', 4),
(1897, 1, 139, 7, 15, '19.07.2012 22:53:18', 4),
(1898, 1, 140, 9, 15, '19.07.2012 22:53:18', 4),
(1899, 1, 141, 2, 15, '19.07.2012 22:53:18', 4),
(1900, 1, 142, 10, 15, '19.07.2012 22:53:18', 4),
(1901, 1, 143, 1, 15, '19.07.2012 22:53:18', 4),
(1902, 1, 144, 6, 15, '19.07.2012 22:53:18', 4),
(1903, 1, 145, 6, 15, '19.07.2012 22:53:18', 4),
(1904, 1, 146, 4, 15, '19.07.2012 22:53:18', 4),
(1905, 1, 147, 8, 15, '19.07.2012 22:53:18', 4),
(1906, 1, 148, 8, 15, '19.07.2012 22:53:18', 4),
(1907, 1, 96, 1, 15, '19.07.2012 22:53:18', 4),
(1908, 1, 93, 5, 15, '19.07.2012 22:53:18', 4),
(1909, 1, 108, 9, 15, '19.07.2012 22:53:18', 4),
(1910, 1, 149, 1, 15, '19.07.2012 22:53:18', 4),
(1911, 1, 150, 5, 15, '19.07.2012 22:53:18', 4),
(1912, 1, 151, 2, 15, '19.07.2012 22:53:18', 4),
(1913, 1, 152, 3, 15, '19.07.2012 22:53:18', 4),
(1914, 1, 153, 7, 15, '19.07.2012 22:53:19', 4),
(1915, 1, 154, 8, 15, '19.07.2012 22:53:19', 4),
(1916, 1, 155, 1, 15, '19.07.2012 22:53:19', 4),
(1917, 1, 156, 7, 15, '19.07.2012 22:53:19', 4),
(1918, 1, 103, 10, 15, '19.07.2012 22:53:19', 4),
(1919, 1, 157, 4, 15, '19.07.2012 22:53:19', 4),
(1920, 1, 158, 8, 15, '19.07.2012 22:53:19', 4),
(1921, 1, 159, 9, 15, '19.07.2012 22:53:19', 4),
(1922, 1, 99, 3, 15, '19.07.2012 22:53:19', 4),
(1923, 1, 77, 7, 15, '19.07.2012 22:53:19', 4),
(1924, 1, 160, 10, 15, '19.07.2012 22:53:19', 4),
(1925, 1, 161, 2, 15, '19.07.2012 22:53:19', 4),
(1926, 1, 162, 4, 15, '19.07.2012 22:53:19', 4),
(1927, 1, 163, 0, 15, '19.07.2012 22:53:19', 4),
(1928, 1, 164, 9, 15, '19.07.2012 22:53:19', 4),
(1929, 1, 165, 9, 15, '19.07.2012 22:53:19', 4),
(1930, 1, 166, 9, 15, '19.07.2012 22:53:19', 4),
(1931, 1, 167, 2, 15, '19.07.2012 22:53:19', 4),
(1932, 1, 168, 6, 15, '19.07.2012 22:53:19', 4),
(1933, 1, 169, 8, 15, '19.07.2012 22:53:19', 4),
(1934, 1, 170, 0, 15, '19.07.2012 22:53:19', 4),
(1935, 1, 125, 9, 15, '19.07.2012 22:53:19', 4),
(1936, 1, 171, 5, 15, '19.07.2012 22:53:19', 4),
(1937, 1, 139, 2, 15, '20.07.2012 22:53:19', 4),
(1938, 1, 140, 8, 15, '20.07.2012 22:53:19', 4),
(1939, 1, 141, 6, 15, '20.07.2012 22:53:19', 4),
(1940, 1, 142, 4, 15, '20.07.2012 22:53:19', 4),
(1941, 1, 143, 8, 15, '20.07.2012 22:53:19', 4),
(1942, 1, 144, 4, 15, '20.07.2012 22:53:19', 4),
(1943, 1, 145, 6, 15, '20.07.2012 22:53:19', 4),
(1944, 1, 146, 2, 15, '20.07.2012 22:53:19', 4),
(1945, 1, 147, 9, 15, '20.07.2012 22:53:19', 4),
(1946, 1, 148, 0, 15, '20.07.2012 22:53:19', 4),
(1947, 1, 96, 1, 15, '20.07.2012 22:53:19', 4),
(1948, 1, 93, 9, 15, '20.07.2012 22:53:19', 4),
(1949, 1, 108, 1, 15, '20.07.2012 22:53:19', 4),
(1950, 1, 149, 2, 15, '20.07.2012 22:53:19', 4),
(1951, 1, 150, 8, 15, '20.07.2012 22:53:19', 4),
(1952, 1, 151, 8, 15, '20.07.2012 22:53:19', 4),
(1953, 1, 152, 4, 15, '20.07.2012 22:53:19', 4),
(1954, 1, 153, 10, 15, '20.07.2012 22:53:19', 4),
(1955, 1, 154, 2, 15, '20.07.2012 22:53:19', 4),
(1956, 1, 155, 8, 15, '20.07.2012 22:53:19', 4),
(1957, 1, 156, 3, 15, '20.07.2012 22:53:19', 4),
(1958, 1, 103, 9, 15, '20.07.2012 22:53:19', 4),
(1959, 1, 157, 4, 15, '20.07.2012 22:53:19', 4),
(1960, 1, 158, 4, 15, '20.07.2012 22:53:19', 4),
(1961, 1, 159, 2, 15, '20.07.2012 22:53:19', 4),
(1962, 1, 99, 3, 15, '20.07.2012 22:53:19', 4),
(1963, 1, 77, 1, 15, '20.07.2012 22:53:19', 4),
(1964, 1, 160, 3, 15, '20.07.2012 22:53:19', 4),
(1965, 1, 161, 1, 15, '20.07.2012 22:53:19', 4),
(1966, 1, 162, 2, 15, '20.07.2012 22:53:19', 4),
(1967, 1, 163, 2, 15, '20.07.2012 22:53:19', 4),
(1968, 1, 164, 0, 15, '20.07.2012 22:53:19', 4),
(1969, 1, 165, 6, 15, '20.07.2012 22:53:19', 4),
(1970, 1, 166, 6, 15, '20.07.2012 22:53:19', 4),
(1971, 1, 167, 4, 15, '20.07.2012 22:53:19', 4),
(1972, 1, 168, 9, 15, '20.07.2012 22:53:19', 4),
(1973, 1, 169, 5, 15, '20.07.2012 22:53:19', 4),
(1974, 1, 170, 7, 15, '20.07.2012 22:53:19', 4),
(1975, 1, 125, 9, 15, '20.07.2012 22:53:19', 4),
(1976, 1, 171, 2, 15, '20.07.2012 22:53:19', 4),
(1977, 1, 139, 6, 15, '21.07.2012 22:53:19', 4),
(1978, 1, 140, 4, 15, '21.07.2012 22:53:19', 4),
(1979, 1, 141, 7, 15, '21.07.2012 22:53:20', 4),
(1980, 1, 142, 9, 15, '21.07.2012 22:53:20', 4),
(1981, 1, 143, 3, 15, '21.07.2012 22:53:20', 4),
(1982, 1, 144, 8, 15, '21.07.2012 22:53:20', 4),
(1983, 1, 145, 1, 15, '21.07.2012 22:53:20', 4),
(1984, 1, 146, 1, 15, '21.07.2012 22:53:20', 4),
(1985, 1, 147, 9, 15, '21.07.2012 22:53:20', 4),
(1986, 1, 148, 6, 15, '21.07.2012 22:53:20', 4),
(1987, 1, 96, 0, 15, '21.07.2012 22:53:20', 4),
(1988, 1, 93, 0, 15, '21.07.2012 22:53:20', 4),
(1989, 1, 108, 2, 15, '21.07.2012 22:53:20', 4),
(1990, 1, 149, 5, 15, '21.07.2012 22:53:20', 4),
(1991, 1, 150, 9, 15, '21.07.2012 22:53:20', 4),
(1992, 1, 151, 0, 15, '21.07.2012 22:53:20', 4),
(1993, 1, 152, 1, 15, '21.07.2012 22:53:20', 4),
(1994, 1, 153, 0, 15, '21.07.2012 22:53:20', 4),
(1995, 1, 154, 2, 15, '21.07.2012 22:53:20', 4),
(1996, 1, 155, 7, 15, '21.07.2012 22:53:20', 4),
(1997, 1, 156, 1, 15, '21.07.2012 22:53:20', 4),
(1998, 1, 103, 1, 15, '21.07.2012 22:53:20', 4),
(1999, 1, 157, 3, 15, '21.07.2012 22:53:20', 4),
(2000, 1, 158, 0, 15, '21.07.2012 22:53:20', 4),
(2001, 1, 159, 0, 15, '21.07.2012 22:53:20', 4),
(2002, 1, 99, 4, 15, '21.07.2012 22:53:20', 4),
(2003, 1, 77, 1, 15, '21.07.2012 22:53:20', 4),
(2004, 1, 160, 7, 15, '21.07.2012 22:53:20', 4),
(2005, 1, 161, 2, 15, '21.07.2012 22:53:20', 4),
(2006, 1, 162, 3, 15, '21.07.2012 22:53:20', 4),
(2007, 1, 163, 9, 15, '21.07.2012 22:53:20', 4),
(2008, 1, 164, 5, 15, '21.07.2012 22:53:20', 4),
(2009, 1, 165, 9, 15, '21.07.2012 22:53:20', 4),
(2010, 1, 166, 9, 15, '21.07.2012 22:53:20', 4),
(2011, 1, 167, 6, 15, '21.07.2012 22:53:20', 4),
(2012, 1, 168, 8, 15, '21.07.2012 22:53:20', 4),
(2013, 1, 169, 0, 15, '21.07.2012 22:53:20', 4),
(2014, 1, 170, 0, 15, '21.07.2012 22:53:20', 4),
(2015, 1, 125, 2, 15, '21.07.2012 22:53:20', 4),
(2016, 1, 171, 5, 15, '21.07.2012 22:53:20', 4),
(2017, 1, 139, 7, 15, '22.07.2012 22:53:20', 4),
(2018, 1, 140, 4, 15, '22.07.2012 22:53:20', 4),
(2019, 1, 141, 4, 15, '22.07.2012 22:53:20', 4),
(2020, 1, 142, 1, 15, '22.07.2012 22:53:20', 4),
(2021, 1, 143, 3, 15, '22.07.2012 22:53:20', 4),
(2022, 1, 144, 7, 15, '22.07.2012 22:53:20', 4),
(2023, 1, 145, 9, 15, '22.07.2012 22:53:20', 4),
(2024, 1, 146, 3, 15, '22.07.2012 22:53:20', 4),
(2025, 1, 147, 9, 15, '22.07.2012 22:53:20', 4),
(2026, 1, 148, 9, 15, '22.07.2012 22:53:20', 4),
(2027, 1, 96, 7, 15, '22.07.2012 22:53:20', 4),
(2028, 1, 93, 1, 15, '22.07.2012 22:53:20', 4),
(2029, 1, 108, 6, 15, '22.07.2012 22:53:20', 4),
(2030, 1, 149, 0, 15, '22.07.2012 22:53:20', 4),
(2031, 1, 150, 1, 15, '22.07.2012 22:53:20', 4),
(2032, 1, 151, 1, 15, '22.07.2012 22:53:20', 4),
(2033, 1, 152, 4, 15, '22.07.2012 22:53:20', 4),
(2034, 1, 153, 7, 15, '22.07.2012 22:53:20', 4),
(2035, 1, 154, 7, 15, '22.07.2012 22:53:20', 4),
(2036, 1, 155, 4, 15, '22.07.2012 22:53:20', 4),
(2037, 1, 156, 2, 15, '22.07.2012 22:53:20', 4),
(2038, 1, 103, 3, 15, '22.07.2012 22:53:20', 4),
(2039, 1, 157, 4, 15, '22.07.2012 22:53:20', 4),
(2040, 1, 158, 8, 15, '22.07.2012 22:53:20', 4),
(2041, 1, 159, 7, 15, '22.07.2012 22:53:20', 4),
(2042, 1, 99, 6, 15, '22.07.2012 22:53:20', 4),
(2043, 1, 77, 3, 15, '22.07.2012 22:53:20', 4),
(2044, 1, 160, 0, 15, '22.07.2012 22:53:20', 4),
(2045, 1, 161, 9, 15, '22.07.2012 22:53:20', 4),
(2046, 1, 162, 7, 15, '22.07.2012 22:53:20', 4),
(2047, 1, 163, 6, 15, '22.07.2012 22:53:20', 4),
(2048, 1, 164, 9, 15, '22.07.2012 22:53:20', 4),
(2049, 1, 165, 3, 15, '22.07.2012 22:53:20', 4),
(2050, 1, 166, 9, 15, '22.07.2012 22:53:20', 4),
(2051, 1, 167, 3, 15, '22.07.2012 22:53:20', 4),
(2052, 1, 168, 0, 15, '22.07.2012 22:53:20', 4),
(2053, 1, 169, 4, 15, '22.07.2012 22:53:20', 4),
(2054, 1, 170, 6, 15, '22.07.2012 22:53:20', 4),
(2055, 1, 125, 9, 15, '22.07.2012 22:53:20', 4),
(2056, 1, 171, 10, 15, '22.07.2012 22:53:21', 4),
(2057, 1, 139, 0, 15, '23.07.2012 22:53:21', 4),
(2058, 1, 140, 10, 15, '23.07.2012 22:53:21', 4),
(2059, 1, 141, 3, 15, '23.07.2012 22:53:21', 4),
(2060, 1, 142, 2, 15, '23.07.2012 22:53:21', 4),
(2061, 1, 143, 0, 15, '23.07.2012 22:53:21', 4),
(2062, 1, 144, 1, 15, '23.07.2012 22:53:21', 4),
(2063, 1, 145, 8, 15, '23.07.2012 22:53:21', 4),
(2064, 1, 146, 7, 15, '23.07.2012 22:53:21', 4),
(2065, 1, 147, 6, 15, '23.07.2012 22:53:21', 4),
(2066, 1, 148, 1, 15, '23.07.2012 22:53:21', 4),
(2067, 1, 96, 7, 15, '23.07.2012 22:53:21', 4),
(2068, 1, 93, 4, 15, '23.07.2012 22:53:21', 4),
(2069, 1, 108, 6, 15, '23.07.2012 22:53:21', 4),
(2070, 1, 149, 10, 15, '23.07.2012 22:53:21', 4),
(2071, 1, 150, 3, 15, '23.07.2012 22:53:21', 4),
(2072, 1, 151, 0, 15, '23.07.2012 22:53:21', 4),
(2073, 1, 152, 5, 15, '23.07.2012 22:53:21', 4),
(2074, 1, 153, 7, 15, '23.07.2012 22:53:21', 4),
(2075, 1, 154, 10, 15, '23.07.2012 22:53:21', 4),
(2076, 1, 155, 10, 15, '23.07.2012 22:53:21', 4),
(2077, 1, 156, 9, 15, '23.07.2012 22:53:21', 4),
(2078, 1, 103, 7, 15, '23.07.2012 22:53:21', 4),
(2079, 1, 157, 2, 15, '23.07.2012 22:53:21', 4),
(2080, 1, 158, 7, 15, '23.07.2012 22:53:21', 4),
(2081, 1, 159, 8, 15, '23.07.2012 22:53:21', 4),
(2082, 1, 99, 8, 15, '23.07.2012 22:53:21', 4),
(2083, 1, 77, 10, 15, '23.07.2012 22:53:21', 4),
(2084, 1, 160, 6, 15, '23.07.2012 22:53:21', 4),
(2085, 1, 161, 2, 15, '23.07.2012 22:53:21', 4),
(2086, 1, 162, 10, 15, '23.07.2012 22:53:21', 4),
(2087, 1, 163, 5, 15, '23.07.2012 22:53:21', 4),
(2088, 1, 164, 10, 15, '23.07.2012 22:53:21', 4),
(2089, 1, 165, 10, 15, '23.07.2012 22:53:21', 4),
(2090, 1, 166, 9, 15, '23.07.2012 22:53:21', 4),
(2091, 1, 167, 5, 15, '23.07.2012 22:53:21', 4),
(2092, 1, 168, 10, 15, '23.07.2012 22:53:21', 4),
(2093, 1, 169, 10, 15, '23.07.2012 22:53:21', 4),
(2094, 1, 170, 10, 15, '23.07.2012 22:53:21', 4),
(2095, 1, 125, 10, 15, '23.07.2012 22:53:21', 4),
(2096, 1, 171, 0, 15, '23.07.2012 22:53:21', 4),
(2097, 1, 139, 4, 15, '24.07.2012 22:53:21', 4),
(2098, 1, 140, 2, 15, '24.07.2012 22:53:21', 4),
(2099, 1, 141, 10, 15, '24.07.2012 22:53:21', 4),
(2100, 1, 142, 9, 15, '24.07.2012 22:53:21', 4),
(2101, 1, 143, 4, 15, '24.07.2012 22:53:21', 4),
(2102, 1, 144, 8, 15, '24.07.2012 22:53:21', 4),
(2103, 1, 145, 9, 15, '24.07.2012 22:53:21', 4),
(2104, 1, 146, 10, 15, '24.07.2012 22:53:21', 4),
(2105, 1, 147, 4, 15, '24.07.2012 22:53:21', 4),
(2106, 1, 148, 9, 15, '24.07.2012 22:53:21', 4),
(2107, 1, 96, 6, 15, '24.07.2012 22:53:21', 4),
(2108, 1, 93, 3, 15, '24.07.2012 22:53:21', 4),
(2109, 1, 108, 5, 15, '24.07.2012 22:53:21', 4),
(2110, 1, 149, 7, 15, '24.07.2012 22:53:21', 4),
(2111, 1, 150, 9, 15, '24.07.2012 22:53:21', 4),
(2112, 1, 151, 2, 15, '24.07.2012 22:53:21', 4),
(2113, 1, 152, 5, 15, '24.07.2012 22:53:21', 4),
(2114, 1, 153, 6, 15, '24.07.2012 22:53:21', 4),
(2115, 1, 154, 2, 15, '24.07.2012 22:53:21', 4),
(2116, 1, 155, 7, 15, '24.07.2012 22:53:21', 4),
(2117, 1, 156, 3, 15, '24.07.2012 22:53:21', 4),
(2118, 1, 103, 5, 15, '24.07.2012 22:53:21', 4),
(2119, 1, 157, 3, 15, '24.07.2012 22:53:21', 4),
(2120, 1, 158, 1, 15, '24.07.2012 22:53:21', 4),
(2121, 1, 159, 2, 15, '24.07.2012 22:53:21', 4),
(2122, 1, 99, 6, 15, '24.07.2012 22:53:21', 4),
(2123, 1, 77, 9, 15, '24.07.2012 22:53:21', 4),
(2124, 1, 160, 3, 15, '24.07.2012 22:53:21', 4),
(2125, 1, 161, 1, 15, '24.07.2012 22:53:21', 4),
(2126, 1, 162, 9, 15, '24.07.2012 22:53:21', 4),
(2127, 1, 163, 8, 15, '24.07.2012 22:53:21', 4),
(2128, 1, 164, 1, 15, '24.07.2012 22:53:21', 4),
(2129, 1, 165, 5, 15, '24.07.2012 22:53:21', 4),
(2130, 1, 166, 7, 15, '24.07.2012 22:53:21', 4),
(2131, 1, 167, 2, 15, '24.07.2012 22:53:21', 4),
(2132, 1, 168, 3, 15, '24.07.2012 22:53:21', 4),
(2133, 1, 169, 10, 15, '24.07.2012 22:53:21', 4),
(2134, 1, 170, 9, 15, '24.07.2012 22:53:21', 4),
(2135, 1, 125, 3, 15, '24.07.2012 22:53:21', 4),
(2136, 1, 171, 9, 15, '24.07.2012 22:53:21', 4),
(2137, 1, 139, 0, 15, '25.07.2012 22:53:21', 4),
(2138, 1, 140, 2, 15, '25.07.2012 22:53:21', 4),
(2139, 1, 141, 4, 15, '25.07.2012 22:53:21', 4),
(2140, 1, 142, 3, 15, '25.07.2012 22:53:21', 4),
(2141, 1, 143, 5, 15, '25.07.2012 22:53:21', 4),
(2142, 1, 144, 4, 15, '25.07.2012 22:53:21', 4),
(2143, 1, 145, 3, 15, '25.07.2012 22:53:22', 4),
(2144, 1, 146, 5, 15, '25.07.2012 22:53:22', 4),
(2145, 1, 147, 3, 15, '25.07.2012 22:53:22', 4),
(2146, 1, 148, 4, 15, '25.07.2012 22:53:22', 4),
(2147, 1, 96, 6, 15, '25.07.2012 22:53:22', 4),
(2148, 1, 93, 0, 15, '25.07.2012 22:53:22', 4),
(2149, 1, 108, 6, 15, '25.07.2012 22:53:22', 4),
(2150, 1, 149, 8, 15, '25.07.2012 22:53:22', 4),
(2151, 1, 150, 9, 15, '25.07.2012 22:53:22', 4),
(2152, 1, 151, 3, 15, '25.07.2012 22:53:22', 4),
(2153, 1, 152, 1, 15, '25.07.2012 22:53:22', 4),
(2154, 1, 153, 8, 15, '25.07.2012 22:53:22', 4),
(2155, 1, 154, 0, 15, '25.07.2012 22:53:22', 4),
(2156, 1, 155, 10, 15, '25.07.2012 22:53:22', 4),
(2157, 1, 156, 4, 15, '25.07.2012 22:53:22', 4),
(2158, 1, 103, 9, 15, '25.07.2012 22:53:22', 4),
(2159, 1, 157, 10, 15, '25.07.2012 22:53:22', 4),
(2160, 1, 158, 4, 15, '25.07.2012 22:53:22', 4),
(2161, 1, 159, 5, 15, '25.07.2012 22:53:22', 4),
(2162, 1, 99, 8, 15, '25.07.2012 22:53:22', 4),
(2163, 1, 77, 7, 15, '25.07.2012 22:53:22', 4),
(2164, 1, 160, 7, 15, '25.07.2012 22:53:22', 4),
(2165, 1, 161, 6, 15, '25.07.2012 22:53:22', 4),
(2166, 1, 162, 1, 15, '25.07.2012 22:53:22', 4),
(2167, 1, 163, 1, 15, '25.07.2012 22:53:22', 4),
(2168, 1, 164, 3, 15, '25.07.2012 22:53:22', 4),
(2169, 1, 165, 10, 15, '25.07.2012 22:53:22', 4),
(2170, 1, 166, 8, 15, '25.07.2012 22:53:22', 4),
(2171, 1, 167, 3, 15, '25.07.2012 22:53:22', 4),
(2172, 1, 168, 6, 15, '25.07.2012 22:53:22', 4),
(2173, 1, 169, 2, 15, '25.07.2012 22:53:22', 4),
(2174, 1, 170, 4, 15, '25.07.2012 22:53:22', 4),
(2175, 1, 125, 8, 15, '25.07.2012 22:53:22', 4),
(2176, 1, 171, 4, 15, '25.07.2012 22:53:22', 4),
(2177, 1, 139, 7, 15, '26.07.2012 22:53:22', 4),
(2178, 1, 140, 4, 15, '26.07.2012 22:53:22', 4),
(2179, 1, 141, 10, 15, '26.07.2012 22:53:22', 4),
(2180, 1, 142, 6, 15, '26.07.2012 22:53:22', 4),
(2181, 1, 143, 6, 15, '26.07.2012 22:53:22', 4),
(2182, 1, 144, 10, 15, '26.07.2012 22:53:22', 4),
(2183, 1, 145, 1, 15, '26.07.2012 22:53:22', 4),
(2184, 1, 146, 0, 15, '26.07.2012 22:53:22', 4),
(2185, 1, 147, 5, 15, '26.07.2012 22:53:22', 4),
(2186, 1, 148, 1, 15, '26.07.2012 22:53:22', 4),
(2187, 1, 96, 6, 15, '26.07.2012 22:53:22', 4),
(2188, 1, 93, 5, 15, '26.07.2012 22:53:22', 4),
(2189, 1, 108, 2, 15, '26.07.2012 22:53:22', 4),
(2190, 1, 149, 10, 15, '26.07.2012 22:53:22', 4),
(2191, 1, 150, 7, 15, '26.07.2012 22:53:22', 4),
(2192, 1, 151, 2, 15, '26.07.2012 22:53:22', 4),
(2193, 1, 152, 5, 15, '26.07.2012 22:53:22', 4),
(2194, 1, 153, 7, 15, '26.07.2012 22:53:22', 4),
(2195, 1, 154, 8, 15, '26.07.2012 22:53:22', 4),
(2196, 1, 155, 10, 15, '26.07.2012 22:53:22', 4),
(2197, 1, 156, 10, 15, '26.07.2012 22:53:22', 4),
(2198, 1, 103, 1, 15, '26.07.2012 22:53:22', 4),
(2199, 1, 157, 3, 15, '26.07.2012 22:53:22', 4),
(2200, 1, 158, 2, 15, '26.07.2012 22:53:22', 4),
(2201, 1, 159, 10, 15, '26.07.2012 22:53:22', 4),
(2202, 1, 99, 6, 15, '26.07.2012 22:53:22', 4),
(2203, 1, 77, 1, 15, '26.07.2012 22:53:22', 4),
(2204, 1, 160, 2, 15, '26.07.2012 22:53:22', 4),
(2205, 1, 161, 9, 15, '26.07.2012 22:53:22', 4),
(2206, 1, 162, 4, 15, '26.07.2012 22:53:22', 4),
(2207, 1, 163, 5, 15, '26.07.2012 22:53:22', 4),
(2208, 1, 164, 10, 15, '26.07.2012 22:53:22', 4),
(2209, 1, 165, 3, 15, '26.07.2012 22:53:22', 4),
(2210, 1, 166, 5, 15, '26.07.2012 22:53:22', 4),
(2211, 1, 167, 10, 15, '26.07.2012 22:53:22', 4),
(2212, 1, 168, 5, 15, '26.07.2012 22:53:22', 4),
(2213, 1, 169, 4, 15, '26.07.2012 22:53:22', 4),
(2214, 1, 170, 0, 15, '26.07.2012 22:53:22', 4),
(2215, 1, 125, 8, 15, '26.07.2012 22:53:22', 4),
(2216, 1, 171, 5, 15, '26.07.2012 22:53:22', 4),
(2217, 1, 139, 7, 15, '27.07.2012 22:53:22', 4),
(2218, 1, 140, 2, 15, '27.07.2012 22:53:22', 4),
(2219, 1, 141, 0, 15, '27.07.2012 22:53:22', 4),
(2220, 1, 142, 2, 15, '27.07.2012 22:53:22', 4),
(2221, 1, 143, 7, 15, '27.07.2012 22:53:22', 4),
(2222, 1, 144, 5, 15, '27.07.2012 22:53:22', 4),
(2223, 1, 145, 2, 15, '27.07.2012 22:53:22', 4),
(2224, 1, 146, 2, 15, '27.07.2012 22:53:23', 4),
(2225, 1, 147, 0, 15, '27.07.2012 22:53:23', 4),
(2226, 1, 148, 7, 15, '27.07.2012 22:53:23', 4),
(2227, 1, 96, 1, 15, '27.07.2012 22:53:23', 4),
(2228, 1, 93, 0, 15, '27.07.2012 22:53:23', 4),
(2229, 1, 108, 10, 15, '27.07.2012 22:53:23', 4),
(2230, 1, 149, 2, 15, '27.07.2012 22:53:23', 4),
(2231, 1, 150, 4, 15, '27.07.2012 22:53:23', 4),
(2232, 1, 151, 4, 15, '27.07.2012 22:53:23', 4),
(2233, 1, 152, 8, 15, '27.07.2012 22:53:23', 4),
(2234, 1, 153, 9, 15, '27.07.2012 22:53:23', 4),
(2235, 1, 154, 1, 15, '27.07.2012 22:53:23', 4),
(2236, 1, 155, 7, 15, '27.07.2012 22:53:23', 4),
(2237, 1, 156, 8, 15, '27.07.2012 22:53:23', 4),
(2238, 1, 103, 10, 15, '27.07.2012 22:53:23', 4),
(2239, 1, 157, 7, 15, '27.07.2012 22:53:23', 4),
(2240, 1, 158, 6, 15, '27.07.2012 22:53:23', 4),
(2241, 1, 159, 9, 15, '27.07.2012 22:53:23', 4),
(2242, 1, 99, 8, 15, '27.07.2012 22:53:23', 4),
(2243, 1, 77, 6, 15, '27.07.2012 22:53:23', 4),
(2244, 1, 160, 6, 15, '27.07.2012 22:53:23', 4),
(2245, 1, 161, 9, 15, '27.07.2012 22:53:23', 4),
(2246, 1, 162, 2, 15, '27.07.2012 22:53:23', 4),
(2247, 1, 163, 5, 15, '27.07.2012 22:53:23', 4),
(2248, 1, 164, 2, 15, '27.07.2012 22:53:23', 4),
(2249, 1, 165, 3, 15, '27.07.2012 22:53:23', 4),
(2250, 1, 166, 0, 15, '27.07.2012 22:53:23', 4),
(2251, 1, 167, 2, 15, '27.07.2012 22:53:23', 4),
(2252, 1, 168, 2, 15, '27.07.2012 22:53:23', 4),
(2253, 1, 169, 0, 15, '27.07.2012 22:53:23', 4),
(2254, 1, 170, 0, 15, '27.07.2012 22:53:23', 4),
(2255, 1, 125, 4, 15, '27.07.2012 22:53:23', 4),
(2256, 1, 171, 4, 15, '27.07.2012 22:53:23', 4),
(2257, 1, 77, 6, 15, '15.07.2013 22:57:29', 5),
(2258, 1, 99, 0, 15, '15.07.2013 22:57:29', 5),
(2259, 1, 80, 3, 15, '15.07.2013 22:57:29', 5),
(2260, 1, 70, 2, 15, '15.07.2013 22:57:29', 5),
(2261, 1, 79, 2, 15, '15.07.2013 22:57:29', 5),
(2262, 1, 78, 7, 15, '15.07.2013 22:57:29', 5),
(2263, 1, 91, 3, 15, '15.07.2013 22:57:29', 5),
(2264, 1, 118, 1, 15, '15.07.2013 22:57:29', 5),
(2265, 1, 122, 9, 15, '15.07.2013 22:57:29', 5),
(2266, 1, 76, 6, 15, '15.07.2013 22:57:29', 5),
(2267, 1, 72, 7, 15, '15.07.2013 22:57:29', 5),
(2268, 1, 89, 10, 15, '15.07.2013 22:57:29', 5),
(2269, 1, 90, 6, 15, '15.07.2013 22:57:29', 5),
(2270, 1, 94, 9, 15, '15.07.2013 22:57:29', 5),
(2271, 1, 123, 4, 15, '15.07.2013 22:57:29', 5),
(2272, 1, 124, 3, 15, '15.07.2013 22:57:29', 5),
(2273, 1, 95, 8, 15, '15.07.2013 22:57:29', 5),
(2274, 1, 108, 7, 15, '15.07.2013 22:57:29', 5),
(2275, 1, 125, 10, 15, '15.07.2013 22:57:29', 5),
(2276, 1, 86, 2, 15, '15.07.2013 22:57:29', 5),
(2277, 1, 126, 3, 15, '15.07.2013 22:57:29', 5),
(2278, 1, 105, 5, 15, '15.07.2013 22:57:29', 5),
(2279, 1, 104, 5, 15, '15.07.2013 22:57:29', 5),
(2280, 1, 127, 8, 15, '15.07.2013 22:57:29', 5),
(2281, 1, 71, 0, 15, '15.07.2013 22:57:29', 5),
(2282, 1, 106, 7, 15, '15.07.2013 22:57:29', 5),
(2283, 1, 128, 5, 15, '15.07.2013 22:57:29', 5),
(2284, 1, 129, 0, 15, '15.07.2013 22:57:29', 5),
(2285, 1, 107, 2, 15, '15.07.2013 22:57:29', 5),
(2286, 1, 130, 2, 15, '15.07.2013 22:57:29', 5),
(2287, 1, 131, 8, 15, '15.07.2013 22:57:29', 5),
(2288, 1, 132, 6, 15, '15.07.2013 22:57:29', 5),
(2289, 1, 133, 10, 15, '15.07.2013 22:57:29', 5),
(2290, 1, 83, 7, 15, '15.07.2013 22:57:29', 5),
(2291, 1, 114, 1, 15, '15.07.2013 22:57:29', 5),
(2292, 1, 109, 1, 15, '15.07.2013 22:57:29', 5),
(2293, 1, 134, 8, 15, '15.07.2013 22:57:29', 5),
(2294, 1, 103, 1, 15, '15.07.2013 22:57:29', 5),
(2295, 1, 85, 2, 15, '15.07.2013 22:57:29', 5),
(2296, 1, 135, 7, 15, '15.07.2013 22:57:29', 5),
(2297, 1, 97, 3, 15, '15.07.2013 22:57:29', 5),
(2298, 1, 84, 0, 15, '15.07.2013 22:57:29', 5),
(2299, 1, 98, 1, 15, '15.07.2013 22:57:30', 5),
(2300, 1, 136, 9, 15, '15.07.2013 22:57:30', 5),
(2301, 1, 137, 10, 15, '15.07.2013 22:57:30', 5),
(2302, 1, 138, 10, 15, '15.07.2013 22:57:30', 5),
(2303, 1, 102, 7, 15, '15.07.2013 22:57:30', 5),
(2304, 1, 93, 4, 15, '15.07.2013 22:57:30', 5),
(2305, 1, 77, 8, 15, '16.07.2013 22:57:30', 5),
(2306, 1, 99, 5, 15, '16.07.2013 22:57:30', 5),
(2307, 1, 80, 0, 15, '16.07.2013 22:57:30', 5),
(2308, 1, 70, 4, 15, '16.07.2013 22:57:30', 5),
(2309, 1, 79, 3, 15, '16.07.2013 22:57:30', 5),
(2310, 1, 78, 1, 15, '16.07.2013 22:57:30', 5),
(2311, 1, 91, 6, 15, '16.07.2013 22:57:30', 5),
(2312, 1, 118, 9, 15, '16.07.2013 22:57:30', 5),
(2313, 1, 122, 3, 15, '16.07.2013 22:57:30', 5),
(2314, 1, 76, 8, 15, '16.07.2013 22:57:30', 5),
(2315, 1, 72, 0, 15, '16.07.2013 22:57:30', 5),
(2316, 1, 89, 8, 15, '16.07.2013 22:57:30', 5),
(2317, 1, 90, 8, 15, '16.07.2013 22:57:30', 5),
(2318, 1, 94, 8, 15, '16.07.2013 22:57:30', 5),
(2319, 1, 123, 2, 15, '16.07.2013 22:57:30', 5),
(2320, 1, 124, 0, 15, '16.07.2013 22:57:30', 5),
(2321, 1, 95, 3, 15, '16.07.2013 22:57:30', 5),
(2322, 1, 108, 9, 15, '16.07.2013 22:57:30', 5),
(2323, 1, 125, 2, 15, '16.07.2013 22:57:30', 5),
(2324, 1, 86, 1, 15, '16.07.2013 22:57:30', 5),
(2325, 1, 126, 10, 15, '16.07.2013 22:57:30', 5),
(2326, 1, 105, 1, 15, '16.07.2013 22:57:30', 5),
(2327, 1, 104, 2, 15, '16.07.2013 22:57:30', 5),
(2328, 1, 127, 5, 15, '16.07.2013 22:57:30', 5),
(2329, 1, 71, 0, 15, '16.07.2013 22:57:30', 5),
(2330, 1, 106, 9, 15, '16.07.2013 22:57:30', 5),
(2331, 1, 128, 9, 15, '16.07.2013 22:57:30', 5),
(2332, 1, 129, 2, 15, '16.07.2013 22:57:30', 5),
(2333, 1, 107, 3, 15, '16.07.2013 22:57:30', 5),
(2334, 1, 130, 0, 15, '16.07.2013 22:57:30', 5),
(2335, 1, 131, 1, 15, '16.07.2013 22:57:30', 5),
(2336, 1, 132, 5, 15, '16.07.2013 22:57:30', 5),
(2337, 1, 133, 6, 15, '16.07.2013 22:57:30', 5),
(2338, 1, 83, 8, 15, '16.07.2013 22:57:30', 5),
(2339, 1, 114, 8, 15, '16.07.2013 22:57:30', 5),
(2340, 1, 109, 5, 15, '16.07.2013 22:57:30', 5),
(2341, 1, 134, 3, 15, '16.07.2013 22:57:30', 5),
(2342, 1, 103, 2, 15, '16.07.2013 22:57:30', 5),
(2343, 1, 85, 8, 15, '16.07.2013 22:57:30', 5),
(2344, 1, 135, 0, 15, '16.07.2013 22:57:30', 5),
(2345, 1, 97, 9, 15, '16.07.2013 22:57:30', 5),
(2346, 1, 84, 10, 15, '16.07.2013 22:57:30', 5),
(2347, 1, 98, 6, 15, '16.07.2013 22:57:30', 5),
(2348, 1, 136, 4, 15, '16.07.2013 22:57:30', 5),
(2349, 1, 137, 1, 15, '16.07.2013 22:57:30', 5),
(2350, 1, 138, 3, 15, '16.07.2013 22:57:30', 5),
(2351, 1, 102, 5, 15, '16.07.2013 22:57:30', 5),
(2352, 1, 93, 8, 15, '16.07.2013 22:57:30', 5),
(2353, 1, 77, 2, 15, '17.07.2013 22:57:30', 5),
(2354, 1, 99, 0, 15, '17.07.2013 22:57:30', 5),
(2355, 1, 80, 5, 15, '17.07.2013 22:57:30', 5),
(2356, 1, 70, 6, 15, '17.07.2013 22:57:30', 5),
(2357, 1, 79, 1, 15, '17.07.2013 22:57:30', 5),
(2358, 1, 78, 3, 15, '17.07.2013 22:57:30', 5),
(2359, 1, 91, 5, 15, '17.07.2013 22:57:30', 5),
(2360, 1, 118, 7, 15, '17.07.2013 22:57:30', 5),
(2361, 1, 122, 2, 15, '17.07.2013 22:57:31', 5),
(2362, 1, 76, 1, 15, '17.07.2013 22:57:31', 5),
(2363, 1, 72, 9, 15, '17.07.2013 22:57:31', 5),
(2364, 1, 89, 7, 15, '17.07.2013 22:57:31', 5),
(2365, 1, 90, 10, 15, '17.07.2013 22:57:31', 5),
(2366, 1, 94, 3, 15, '17.07.2013 22:57:31', 5),
(2367, 1, 123, 9, 15, '17.07.2013 22:57:31', 5),
(2368, 1, 124, 6, 15, '17.07.2013 22:57:31', 5),
(2369, 1, 95, 6, 15, '17.07.2013 22:57:31', 5),
(2370, 1, 108, 10, 15, '17.07.2013 22:57:31', 5),
(2371, 1, 125, 0, 15, '17.07.2013 22:57:31', 5),
(2372, 1, 86, 9, 15, '17.07.2013 22:57:31', 5),
(2373, 1, 126, 4, 15, '17.07.2013 22:57:31', 5),
(2374, 1, 105, 1, 15, '17.07.2013 22:57:31', 5),
(2375, 1, 104, 4, 15, '17.07.2013 22:57:31', 5),
(2376, 1, 127, 4, 15, '17.07.2013 22:57:31', 5),
(2377, 1, 71, 5, 15, '17.07.2013 22:57:31', 5),
(2378, 1, 106, 4, 15, '17.07.2013 22:57:31', 5),
(2379, 1, 128, 1, 15, '17.07.2013 22:57:31', 5),
(2380, 1, 129, 3, 15, '17.07.2013 22:57:31', 5),
(2381, 1, 107, 0, 15, '17.07.2013 22:57:31', 5),
(2382, 1, 130, 6, 15, '17.07.2013 22:57:31', 5),
(2383, 1, 131, 8, 15, '17.07.2013 22:57:31', 5),
(2384, 1, 132, 10, 15, '17.07.2013 22:57:31', 5),
(2385, 1, 133, 9, 15, '17.07.2013 22:57:31', 5),
(2386, 1, 83, 5, 15, '17.07.2013 22:57:31', 5),
(2387, 1, 114, 5, 15, '17.07.2013 22:57:31', 5),
(2388, 1, 109, 1, 15, '17.07.2013 22:57:31', 5),
(2389, 1, 134, 6, 15, '17.07.2013 22:57:31', 5),
(2390, 1, 103, 10, 15, '17.07.2013 22:57:31', 5),
(2391, 1, 85, 0, 15, '17.07.2013 22:57:31', 5),
(2392, 1, 135, 7, 15, '17.07.2013 22:57:31', 5),
(2393, 1, 97, 10, 15, '17.07.2013 22:57:31', 5),
(2394, 1, 84, 9, 15, '17.07.2013 22:57:31', 5),
(2395, 1, 98, 2, 15, '17.07.2013 22:57:31', 5),
(2396, 1, 136, 2, 15, '17.07.2013 22:57:31', 5),
(2397, 1, 137, 10, 15, '17.07.2013 22:57:31', 5),
(2398, 1, 138, 2, 15, '17.07.2013 22:57:31', 5),
(2399, 1, 102, 0, 15, '17.07.2013 22:57:31', 5),
(2400, 1, 93, 1, 15, '17.07.2013 22:57:31', 5),
(2401, 1, 77, 0, 15, '18.07.2013 22:57:31', 5),
(2402, 1, 99, 8, 15, '18.07.2013 22:57:31', 5),
(2403, 1, 80, 0, 15, '18.07.2013 22:57:31', 5),
(2404, 1, 70, 6, 15, '18.07.2013 22:57:31', 5),
(2405, 1, 79, 1, 15, '18.07.2013 22:57:31', 5),
(2406, 1, 78, 7, 15, '18.07.2013 22:57:31', 5),
(2407, 1, 91, 9, 15, '18.07.2013 22:57:31', 5),
(2408, 1, 118, 8, 15, '18.07.2013 22:57:31', 5),
(2409, 1, 122, 4, 15, '18.07.2013 22:57:31', 5),
(2410, 1, 76, 9, 15, '18.07.2013 22:57:31', 5),
(2411, 1, 72, 10, 15, '18.07.2013 22:57:31', 5),
(2412, 1, 89, 10, 15, '18.07.2013 22:57:31', 5),
(2413, 1, 90, 9, 15, '18.07.2013 22:57:31', 5),
(2414, 1, 94, 6, 15, '18.07.2013 22:57:31', 5),
(2415, 1, 123, 2, 15, '18.07.2013 22:57:31', 5),
(2416, 1, 124, 8, 15, '18.07.2013 22:57:31', 5),
(2417, 1, 95, 5, 15, '18.07.2013 22:57:31', 5),
(2418, 1, 108, 10, 15, '18.07.2013 22:57:31', 5),
(2419, 1, 125, 4, 15, '18.07.2013 22:57:31', 5),
(2420, 1, 86, 2, 15, '18.07.2013 22:57:31', 5),
(2421, 1, 126, 0, 15, '18.07.2013 22:57:31', 5),
(2422, 1, 105, 8, 15, '18.07.2013 22:57:31', 5),
(2423, 1, 104, 2, 15, '18.07.2013 22:57:31', 5),
(2424, 1, 127, 8, 15, '18.07.2013 22:57:31', 5),
(2425, 1, 71, 1, 15, '18.07.2013 22:57:31', 5),
(2426, 1, 106, 2, 15, '18.07.2013 22:57:31', 5),
(2427, 1, 128, 7, 15, '18.07.2013 22:57:31', 5),
(2428, 1, 129, 10, 15, '18.07.2013 22:57:31', 5),
(2429, 1, 107, 3, 15, '18.07.2013 22:57:31', 5),
(2430, 1, 130, 5, 15, '18.07.2013 22:57:31', 5),
(2431, 1, 131, 4, 15, '18.07.2013 22:57:32', 5),
(2432, 1, 132, 9, 15, '18.07.2013 22:57:32', 5),
(2433, 1, 133, 8, 15, '18.07.2013 22:57:32', 5),
(2434, 1, 83, 5, 15, '18.07.2013 22:57:32', 5),
(2435, 1, 114, 3, 15, '18.07.2013 22:57:32', 5),
(2436, 1, 109, 8, 15, '18.07.2013 22:57:32', 5),
(2437, 1, 134, 5, 15, '18.07.2013 22:57:32', 5),
(2438, 1, 103, 3, 15, '18.07.2013 22:57:32', 5),
(2439, 1, 85, 10, 15, '18.07.2013 22:57:32', 5),
(2440, 1, 135, 3, 15, '18.07.2013 22:57:32', 5),
(2441, 1, 97, 7, 15, '18.07.2013 22:57:32', 5),
(2442, 1, 84, 2, 15, '18.07.2013 22:57:32', 5),
(2443, 1, 98, 8, 15, '18.07.2013 22:57:32', 5),
(2444, 1, 136, 0, 15, '18.07.2013 22:57:32', 5),
(2445, 1, 137, 9, 15, '18.07.2013 22:57:32', 5),
(2446, 1, 138, 7, 15, '18.07.2013 22:57:32', 5),
(2447, 1, 102, 9, 15, '18.07.2013 22:57:32', 5),
(2448, 1, 93, 1, 15, '18.07.2013 22:57:32', 5),
(2449, 1, 77, 3, 15, '19.07.2013 22:57:32', 5),
(2450, 1, 99, 8, 15, '19.07.2013 22:57:32', 5),
(2451, 1, 80, 2, 15, '19.07.2013 22:57:32', 5),
(2452, 1, 70, 10, 15, '19.07.2013 22:57:32', 5),
(2453, 1, 79, 0, 15, '19.07.2013 22:57:32', 5),
(2454, 1, 78, 5, 15, '19.07.2013 22:57:32', 5),
(2455, 1, 91, 3, 15, '19.07.2013 22:57:32', 5),
(2456, 1, 118, 1, 15, '19.07.2013 22:57:32', 5),
(2457, 1, 122, 4, 15, '19.07.2013 22:57:32', 5),
(2458, 1, 76, 5, 15, '19.07.2013 22:57:32', 5),
(2459, 1, 72, 6, 15, '19.07.2013 22:57:32', 5),
(2460, 1, 89, 3, 15, '19.07.2013 22:57:32', 5),
(2461, 1, 90, 0, 15, '19.07.2013 22:57:32', 5),
(2462, 1, 94, 7, 15, '19.07.2013 22:57:32', 5),
(2463, 1, 123, 6, 15, '19.07.2013 22:57:32', 5),
(2464, 1, 124, 5, 15, '19.07.2013 22:57:32', 5),
(2465, 1, 95, 4, 15, '19.07.2013 22:57:32', 5),
(2466, 1, 108, 5, 15, '19.07.2013 22:57:32', 5),
(2467, 1, 125, 9, 15, '19.07.2013 22:57:32', 5),
(2468, 1, 86, 4, 15, '19.07.2013 22:57:32', 5),
(2469, 1, 126, 9, 15, '19.07.2013 22:57:32', 5),
(2470, 1, 105, 9, 15, '19.07.2013 22:57:32', 5),
(2471, 1, 104, 7, 15, '19.07.2013 22:57:32', 5),
(2472, 1, 127, 2, 15, '19.07.2013 22:57:32', 5),
(2473, 1, 71, 4, 15, '19.07.2013 22:57:32', 5),
(2474, 1, 106, 3, 15, '19.07.2013 22:57:32', 5),
(2475, 1, 128, 2, 15, '19.07.2013 22:57:32', 5),
(2476, 1, 129, 5, 15, '19.07.2013 22:57:32', 5),
(2477, 1, 107, 7, 15, '19.07.2013 22:57:32', 5),
(2478, 1, 130, 2, 15, '19.07.2013 22:57:32', 5),
(2479, 1, 131, 10, 15, '19.07.2013 22:57:32', 5),
(2480, 1, 132, 1, 15, '19.07.2013 22:57:32', 5),
(2481, 1, 133, 1, 15, '19.07.2013 22:57:32', 5),
(2482, 1, 83, 10, 15, '19.07.2013 22:57:32', 5),
(2483, 1, 114, 1, 15, '19.07.2013 22:57:32', 5),
(2484, 1, 109, 9, 15, '19.07.2013 22:57:32', 5),
(2485, 1, 134, 3, 15, '19.07.2013 22:57:33', 5),
(2486, 1, 103, 2, 15, '19.07.2013 22:57:33', 5),
(2487, 1, 85, 8, 15, '19.07.2013 22:57:33', 5),
(2488, 1, 135, 1, 15, '19.07.2013 22:57:33', 5),
(2489, 1, 97, 1, 15, '19.07.2013 22:57:33', 5),
(2490, 1, 84, 1, 15, '19.07.2013 22:57:33', 5),
(2491, 1, 98, 1, 15, '19.07.2013 22:57:33', 5),
(2492, 1, 136, 8, 15, '19.07.2013 22:57:33', 5),
(2493, 1, 137, 8, 15, '19.07.2013 22:57:33', 5),
(2494, 1, 138, 10, 15, '19.07.2013 22:57:33', 5),
(2495, 1, 102, 8, 15, '19.07.2013 22:57:33', 5),
(2496, 1, 93, 0, 15, '19.07.2013 22:57:33', 5),
(2497, 1, 77, 7, 15, '20.07.2013 22:57:33', 5),
(2498, 1, 99, 9, 15, '20.07.2013 22:57:33', 5),
(2499, 1, 80, 4, 15, '20.07.2013 22:57:33', 5),
(2500, 1, 70, 9, 15, '20.07.2013 22:57:33', 5),
(2501, 1, 79, 5, 15, '20.07.2013 22:57:33', 5),
(2502, 1, 78, 7, 15, '20.07.2013 22:57:33', 5),
(2503, 1, 91, 5, 15, '20.07.2013 22:57:33', 5),
(2504, 1, 118, 4, 15, '20.07.2013 22:57:33', 5),
(2505, 1, 122, 2, 15, '20.07.2013 22:57:33', 5),
(2506, 1, 76, 0, 15, '20.07.2013 22:57:33', 5),
(2507, 1, 72, 2, 15, '20.07.2013 22:57:33', 5),
(2508, 1, 89, 1, 15, '20.07.2013 22:57:33', 5),
(2509, 1, 90, 8, 15, '20.07.2013 22:57:33', 5),
(2510, 1, 94, 7, 15, '20.07.2013 22:57:33', 5),
(2511, 1, 123, 1, 15, '20.07.2013 22:57:33', 5),
(2512, 1, 124, 4, 15, '20.07.2013 22:57:33', 5),
(2513, 1, 95, 9, 15, '20.07.2013 22:57:33', 5),
(2514, 1, 108, 8, 15, '20.07.2013 22:57:33', 5),
(2515, 1, 125, 0, 15, '20.07.2013 22:57:33', 5),
(2516, 1, 86, 0, 15, '20.07.2013 22:57:33', 5),
(2517, 1, 126, 8, 15, '20.07.2013 22:57:33', 5),
(2518, 1, 105, 8, 15, '20.07.2013 22:57:33', 5),
(2519, 1, 104, 6, 15, '20.07.2013 22:57:33', 5),
(2520, 1, 127, 10, 15, '20.07.2013 22:57:33', 5),
(2521, 1, 71, 8, 15, '20.07.2013 22:57:33', 5),
(2522, 1, 106, 1, 15, '20.07.2013 22:57:33', 5),
(2523, 1, 128, 8, 15, '20.07.2013 22:57:33', 5),
(2524, 1, 129, 0, 15, '20.07.2013 22:57:33', 5),
(2525, 1, 107, 4, 15, '20.07.2013 22:57:33', 5),
(2526, 1, 130, 0, 15, '20.07.2013 22:57:33', 5),
(2527, 1, 131, 5, 15, '20.07.2013 22:57:33', 5),
(2528, 1, 132, 4, 15, '20.07.2013 22:57:33', 5),
(2529, 1, 133, 8, 15, '20.07.2013 22:57:33', 5),
(2530, 1, 83, 7, 15, '20.07.2013 22:57:33', 5),
(2531, 1, 114, 9, 15, '20.07.2013 22:57:33', 5),
(2532, 1, 109, 4, 15, '20.07.2013 22:57:33', 5),
(2533, 1, 134, 4, 15, '20.07.2013 22:57:33', 5),
(2534, 1, 103, 10, 15, '20.07.2013 22:57:33', 5),
(2535, 1, 85, 5, 15, '20.07.2013 22:57:33', 5),
(2536, 1, 135, 8, 15, '20.07.2013 22:57:33', 5),
(2537, 1, 97, 9, 15, '20.07.2013 22:57:33', 5),
(2538, 1, 84, 3, 15, '20.07.2013 22:57:33', 5),
(2539, 1, 98, 2, 15, '20.07.2013 22:57:33', 5),
(2540, 1, 136, 1, 15, '20.07.2013 22:57:33', 5),
(2541, 1, 137, 0, 15, '20.07.2013 22:57:33', 5),
(2542, 1, 138, 1, 15, '20.07.2013 22:57:33', 5),
(2543, 1, 102, 7, 15, '20.07.2013 22:57:33', 5),
(2544, 1, 93, 10, 15, '20.07.2013 22:57:33', 5),
(2545, 1, 77, 8, 15, '21.07.2013 22:57:33', 5),
(2546, 1, 99, 4, 15, '21.07.2013 22:57:33', 5),
(2547, 1, 80, 3, 15, '21.07.2013 22:57:33', 5),
(2548, 1, 70, 3, 15, '21.07.2013 22:57:33', 5),
(2549, 1, 79, 0, 15, '21.07.2013 22:57:33', 5),
(2550, 1, 78, 8, 15, '21.07.2013 22:57:33', 5),
(2551, 1, 91, 1, 15, '21.07.2013 22:57:33', 5),
(2552, 1, 118, 8, 15, '21.07.2013 22:57:33', 5),
(2553, 1, 122, 5, 15, '21.07.2013 22:57:33', 5),
(2554, 1, 76, 6, 15, '21.07.2013 22:57:33', 5),
(2555, 1, 72, 4, 15, '21.07.2013 22:57:34', 5),
(2556, 1, 89, 4, 15, '21.07.2013 22:57:34', 5),
(2557, 1, 90, 9, 15, '21.07.2013 22:57:34', 5),
(2558, 1, 94, 0, 15, '21.07.2013 22:57:34', 5),
(2559, 1, 123, 0, 15, '21.07.2013 22:57:34', 5),
(2560, 1, 124, 10, 15, '21.07.2013 22:57:34', 5),
(2561, 1, 95, 7, 15, '21.07.2013 22:57:34', 5),
(2562, 1, 108, 5, 15, '21.07.2013 22:57:34', 5),
(2563, 1, 125, 1, 15, '21.07.2013 22:57:34', 5),
(2564, 1, 86, 8, 15, '21.07.2013 22:57:34', 5),
(2565, 1, 126, 0, 15, '21.07.2013 22:57:34', 5),
(2566, 1, 105, 8, 15, '21.07.2013 22:57:34', 5),
(2567, 1, 104, 0, 15, '21.07.2013 22:57:34', 5),
(2568, 1, 127, 1, 15, '21.07.2013 22:57:34', 5),
(2569, 1, 71, 6, 15, '21.07.2013 22:57:34', 5),
(2570, 1, 106, 2, 15, '21.07.2013 22:57:34', 5),
(2571, 1, 128, 3, 15, '21.07.2013 22:57:34', 5),
(2572, 1, 129, 5, 15, '21.07.2013 22:57:34', 5),
(2573, 1, 107, 1, 15, '21.07.2013 22:57:34', 5),
(2574, 1, 130, 7, 15, '21.07.2013 22:57:34', 5),
(2575, 1, 131, 6, 15, '21.07.2013 22:57:34', 5),
(2576, 1, 132, 0, 15, '21.07.2013 22:57:34', 5),
(2577, 1, 133, 0, 15, '21.07.2013 22:57:34', 5),
(2578, 1, 83, 3, 15, '21.07.2013 22:57:34', 5),
(2579, 1, 114, 3, 15, '21.07.2013 22:57:34', 5),
(2580, 1, 109, 5, 15, '21.07.2013 22:57:34', 5),
(2581, 1, 134, 6, 15, '21.07.2013 22:57:34', 5),
(2582, 1, 103, 5, 15, '21.07.2013 22:57:34', 5),
(2583, 1, 85, 8, 15, '21.07.2013 22:57:34', 5),
(2584, 1, 135, 1, 15, '21.07.2013 22:57:34', 5),
(2585, 1, 97, 2, 15, '21.07.2013 22:57:34', 5),
(2586, 1, 84, 4, 15, '21.07.2013 22:57:34', 5),
(2587, 1, 98, 10, 15, '21.07.2013 22:57:34', 5),
(2588, 1, 136, 8, 15, '21.07.2013 22:57:34', 5),
(2589, 1, 137, 4, 15, '21.07.2013 22:57:34', 5),
(2590, 1, 138, 3, 15, '21.07.2013 22:57:34', 5),
(2591, 1, 102, 2, 15, '21.07.2013 22:57:34', 5),
(2592, 1, 93, 2, 15, '21.07.2013 22:57:34', 5),
(2593, 1, 77, 10, 15, '22.07.2013 22:57:34', 5),
(2594, 1, 99, 6, 15, '22.07.2013 22:57:34', 5),
(2595, 1, 80, 6, 15, '22.07.2013 22:57:34', 5),
(2596, 1, 70, 6, 15, '22.07.2013 22:57:34', 5),
(2597, 1, 79, 3, 15, '22.07.2013 22:57:34', 5);
INSERT INTO `points_child` (`id`, `active`, `childId`, `points`, `game`, `date`, `camp`) VALUES
(2598, 1, 78, 7, 15, '22.07.2013 22:57:34', 5),
(2599, 1, 91, 7, 15, '22.07.2013 22:57:34', 5),
(2600, 1, 118, 5, 15, '22.07.2013 22:57:34', 5),
(2601, 1, 122, 1, 15, '22.07.2013 22:57:34', 5),
(2602, 1, 76, 4, 15, '22.07.2013 22:57:34', 5),
(2603, 1, 72, 7, 15, '22.07.2013 22:57:34', 5),
(2604, 1, 89, 2, 15, '22.07.2013 22:57:34', 5),
(2605, 1, 90, 7, 15, '22.07.2013 22:57:34', 5),
(2606, 1, 94, 0, 15, '22.07.2013 22:57:34', 5),
(2607, 1, 123, 0, 15, '22.07.2013 22:57:34', 5),
(2608, 1, 124, 3, 15, '22.07.2013 22:57:34', 5),
(2609, 1, 95, 9, 15, '22.07.2013 22:57:34', 5),
(2610, 1, 108, 3, 15, '22.07.2013 22:57:34', 5),
(2611, 1, 125, 10, 15, '22.07.2013 22:57:34', 5),
(2612, 1, 86, 6, 15, '22.07.2013 22:57:34', 5),
(2613, 1, 126, 0, 15, '22.07.2013 22:57:34', 5),
(2614, 1, 105, 3, 15, '22.07.2013 22:57:34', 5),
(2615, 1, 104, 1, 15, '22.07.2013 22:57:34', 5),
(2616, 1, 127, 6, 15, '22.07.2013 22:57:34', 5),
(2617, 1, 71, 6, 15, '22.07.2013 22:57:34', 5),
(2618, 1, 106, 5, 15, '22.07.2013 22:57:34', 5),
(2619, 1, 128, 2, 15, '22.07.2013 22:57:34', 5),
(2620, 1, 129, 4, 15, '22.07.2013 22:57:34', 5),
(2621, 1, 107, 4, 15, '22.07.2013 22:57:34', 5),
(2622, 1, 130, 9, 15, '22.07.2013 22:57:34', 5),
(2623, 1, 131, 9, 15, '22.07.2013 22:57:34', 5),
(2624, 1, 132, 4, 15, '22.07.2013 22:57:34', 5),
(2625, 1, 133, 0, 15, '22.07.2013 22:57:34', 5),
(2626, 1, 83, 2, 15, '22.07.2013 22:57:35', 5),
(2627, 1, 114, 8, 15, '22.07.2013 22:57:35', 5),
(2628, 1, 109, 1, 15, '22.07.2013 22:57:35', 5),
(2629, 1, 134, 1, 15, '22.07.2013 22:57:35', 5),
(2630, 1, 103, 5, 15, '22.07.2013 22:57:35', 5),
(2631, 1, 85, 3, 15, '22.07.2013 22:57:35', 5),
(2632, 1, 135, 7, 15, '22.07.2013 22:57:35', 5),
(2633, 1, 97, 0, 15, '22.07.2013 22:57:35', 5),
(2634, 1, 84, 2, 15, '22.07.2013 22:57:35', 5),
(2635, 1, 98, 9, 15, '22.07.2013 22:57:35', 5),
(2636, 1, 136, 1, 15, '22.07.2013 22:57:35', 5),
(2637, 1, 137, 2, 15, '22.07.2013 22:57:35', 5),
(2638, 1, 138, 7, 15, '22.07.2013 22:57:35', 5),
(2639, 1, 102, 1, 15, '22.07.2013 22:57:35', 5),
(2640, 1, 93, 8, 15, '22.07.2013 22:57:35', 5),
(2641, 1, 77, 9, 15, '23.07.2013 22:57:35', 5),
(2642, 1, 99, 1, 15, '23.07.2013 22:57:35', 5),
(2643, 1, 80, 9, 15, '23.07.2013 22:57:35', 5),
(2644, 1, 70, 4, 15, '23.07.2013 22:57:35', 5),
(2645, 1, 79, 8, 15, '23.07.2013 22:57:35', 5),
(2646, 1, 78, 4, 15, '23.07.2013 22:57:35', 5),
(2647, 1, 91, 9, 15, '23.07.2013 22:57:35', 5),
(2648, 1, 118, 10, 15, '23.07.2013 22:57:35', 5),
(2649, 1, 122, 2, 15, '23.07.2013 22:57:35', 5),
(2650, 1, 76, 1, 15, '23.07.2013 22:57:35', 5),
(2651, 1, 72, 9, 15, '23.07.2013 22:57:35', 5),
(2652, 1, 89, 3, 15, '23.07.2013 22:57:35', 5),
(2653, 1, 90, 2, 15, '23.07.2013 22:57:35', 5),
(2654, 1, 94, 1, 15, '23.07.2013 22:57:35', 5),
(2655, 1, 123, 1, 15, '23.07.2013 22:57:35', 5),
(2656, 1, 124, 6, 15, '23.07.2013 22:57:35', 5),
(2657, 1, 95, 10, 15, '23.07.2013 22:57:35', 5),
(2658, 1, 108, 6, 15, '23.07.2013 22:57:35', 5),
(2659, 1, 125, 10, 15, '23.07.2013 22:57:35', 5),
(2660, 1, 86, 9, 15, '23.07.2013 22:57:35', 5),
(2661, 1, 126, 9, 15, '23.07.2013 22:57:35', 5),
(2662, 1, 105, 8, 15, '23.07.2013 22:57:35', 5),
(2663, 1, 104, 2, 15, '23.07.2013 22:57:35', 5),
(2664, 1, 127, 6, 15, '23.07.2013 22:57:35', 5),
(2665, 1, 71, 10, 15, '23.07.2013 22:57:35', 5),
(2666, 1, 106, 5, 15, '23.07.2013 22:57:35', 5),
(2667, 1, 128, 10, 15, '23.07.2013 22:57:35', 5),
(2668, 1, 129, 9, 15, '23.07.2013 22:57:35', 5),
(2669, 1, 107, 9, 15, '23.07.2013 22:57:35', 5),
(2670, 1, 130, 6, 15, '23.07.2013 22:57:35', 5),
(2671, 1, 131, 10, 15, '23.07.2013 22:57:35', 5),
(2672, 1, 132, 10, 15, '23.07.2013 22:57:35', 5),
(2673, 1, 133, 8, 15, '23.07.2013 22:57:35', 5),
(2674, 1, 83, 7, 15, '23.07.2013 22:57:35', 5),
(2675, 1, 114, 6, 15, '23.07.2013 22:57:35', 5),
(2676, 1, 109, 4, 15, '23.07.2013 22:57:35', 5),
(2677, 1, 134, 7, 15, '23.07.2013 22:57:35', 5),
(2678, 1, 103, 2, 15, '23.07.2013 22:57:35', 5),
(2679, 1, 85, 10, 15, '23.07.2013 22:57:35', 5),
(2680, 1, 135, 4, 15, '23.07.2013 22:57:35', 5),
(2681, 1, 97, 6, 15, '23.07.2013 22:57:35', 5),
(2682, 1, 84, 6, 15, '23.07.2013 22:57:35', 5),
(2683, 1, 98, 8, 15, '23.07.2013 22:57:35', 5),
(2684, 1, 136, 7, 15, '23.07.2013 22:57:35', 5),
(2685, 1, 137, 5, 15, '23.07.2013 22:57:35', 5),
(2686, 1, 138, 5, 15, '23.07.2013 22:57:35', 5),
(2687, 1, 102, 4, 15, '23.07.2013 22:57:35', 5),
(2688, 1, 93, 3, 15, '23.07.2013 22:57:35', 5),
(2689, 1, 77, 0, 15, '24.07.2013 22:57:35', 5),
(2690, 1, 99, 10, 15, '24.07.2013 22:57:35', 5),
(2691, 1, 80, 5, 15, '24.07.2013 22:57:35', 5),
(2692, 1, 70, 0, 15, '24.07.2013 22:57:35', 5),
(2693, 1, 79, 7, 15, '24.07.2013 22:57:35', 5),
(2694, 1, 78, 1, 15, '24.07.2013 22:57:35', 5),
(2695, 1, 91, 0, 15, '24.07.2013 22:57:35', 5),
(2696, 1, 118, 4, 15, '24.07.2013 22:57:35', 5),
(2697, 1, 122, 4, 15, '24.07.2013 22:57:35', 5),
(2698, 1, 76, 1, 15, '24.07.2013 22:57:35', 5),
(2699, 1, 72, 6, 15, '24.07.2013 22:57:35', 5),
(2700, 1, 89, 7, 15, '24.07.2013 22:57:35', 5),
(2701, 1, 90, 1, 15, '24.07.2013 22:57:35', 5),
(2702, 1, 94, 4, 15, '24.07.2013 22:57:35', 5),
(2703, 1, 123, 7, 15, '24.07.2013 22:57:35', 5),
(2704, 1, 124, 8, 15, '24.07.2013 22:57:35', 5),
(2705, 1, 95, 7, 15, '24.07.2013 22:57:35', 5),
(2706, 1, 108, 3, 15, '24.07.2013 22:57:35', 5),
(2707, 1, 125, 2, 15, '24.07.2013 22:57:35', 5),
(2708, 1, 86, 3, 15, '24.07.2013 22:57:35', 5),
(2709, 1, 126, 7, 15, '24.07.2013 22:57:35', 5),
(2710, 1, 105, 4, 15, '24.07.2013 22:57:35', 5),
(2711, 1, 104, 10, 15, '24.07.2013 22:57:35', 5),
(2712, 1, 127, 4, 15, '24.07.2013 22:57:35', 5),
(2713, 1, 71, 9, 15, '24.07.2013 22:57:35', 5),
(2714, 1, 106, 5, 15, '24.07.2013 22:57:36', 5),
(2715, 1, 128, 4, 15, '24.07.2013 22:57:36', 5),
(2716, 1, 129, 5, 15, '24.07.2013 22:57:36', 5),
(2717, 1, 107, 4, 15, '24.07.2013 22:57:36', 5),
(2718, 1, 130, 1, 15, '24.07.2013 22:57:36', 5),
(2719, 1, 131, 7, 15, '24.07.2013 22:57:36', 5),
(2720, 1, 132, 9, 15, '24.07.2013 22:57:36', 5),
(2721, 1, 133, 7, 15, '24.07.2013 22:57:36', 5),
(2722, 1, 83, 5, 15, '24.07.2013 22:57:36', 5),
(2723, 1, 114, 7, 15, '24.07.2013 22:57:36', 5),
(2724, 1, 109, 7, 15, '24.07.2013 22:57:36', 5),
(2725, 1, 134, 2, 15, '24.07.2013 22:57:36', 5),
(2726, 1, 103, 1, 15, '24.07.2013 22:57:36', 5),
(2727, 1, 85, 10, 15, '24.07.2013 22:57:36', 5),
(2728, 1, 135, 6, 15, '24.07.2013 22:57:36', 5),
(2729, 1, 97, 1, 15, '24.07.2013 22:57:36', 5),
(2730, 1, 84, 2, 15, '24.07.2013 22:57:36', 5),
(2731, 1, 98, 2, 15, '24.07.2013 22:57:36', 5),
(2732, 1, 136, 1, 15, '24.07.2013 22:57:36', 5),
(2733, 1, 137, 7, 15, '24.07.2013 22:57:36', 5),
(2734, 1, 138, 8, 15, '24.07.2013 22:57:36', 5),
(2735, 1, 102, 1, 15, '24.07.2013 22:57:36', 5),
(2736, 1, 93, 7, 15, '24.07.2013 22:57:36', 5),
(2737, 1, 77, 9, 15, '25.07.2013 22:57:36', 5),
(2738, 1, 99, 7, 15, '25.07.2013 22:57:36', 5),
(2739, 1, 80, 0, 15, '25.07.2013 22:57:36', 5),
(2740, 1, 70, 10, 15, '25.07.2013 22:57:36', 5),
(2741, 1, 79, 5, 15, '25.07.2013 22:57:36', 5),
(2742, 1, 78, 5, 15, '25.07.2013 22:57:36', 5),
(2743, 1, 91, 7, 15, '25.07.2013 22:57:36', 5),
(2744, 1, 118, 2, 15, '25.07.2013 22:57:36', 5),
(2745, 1, 122, 1, 15, '25.07.2013 22:57:36', 5),
(2746, 1, 76, 4, 15, '25.07.2013 22:57:36', 5),
(2747, 1, 72, 2, 15, '25.07.2013 22:57:36', 5),
(2748, 1, 89, 0, 15, '25.07.2013 22:57:36', 5),
(2749, 1, 90, 7, 15, '25.07.2013 22:57:36', 5),
(2750, 1, 94, 1, 15, '25.07.2013 22:57:36', 5),
(2751, 1, 123, 5, 15, '25.07.2013 22:57:36', 5),
(2752, 1, 124, 7, 15, '25.07.2013 22:57:36', 5),
(2753, 1, 95, 10, 15, '25.07.2013 22:57:36', 5),
(2754, 1, 108, 10, 15, '25.07.2013 22:57:36', 5),
(2755, 1, 125, 7, 15, '25.07.2013 22:57:36', 5),
(2756, 1, 86, 3, 15, '25.07.2013 22:57:36', 5),
(2757, 1, 126, 10, 15, '25.07.2013 22:57:36', 5),
(2758, 1, 105, 6, 15, '25.07.2013 22:57:36', 5),
(2759, 1, 104, 9, 15, '25.07.2013 22:57:36', 5),
(2760, 1, 127, 4, 15, '25.07.2013 22:57:36', 5),
(2761, 1, 71, 3, 15, '25.07.2013 22:57:36', 5),
(2762, 1, 106, 3, 15, '25.07.2013 22:57:36', 5),
(2763, 1, 128, 3, 15, '25.07.2013 22:57:36', 5),
(2764, 1, 129, 3, 15, '25.07.2013 22:57:36', 5),
(2765, 1, 107, 2, 15, '25.07.2013 22:57:36', 5),
(2766, 1, 130, 9, 15, '25.07.2013 22:57:36', 5),
(2767, 1, 131, 3, 15, '25.07.2013 22:57:36', 5),
(2768, 1, 132, 2, 15, '25.07.2013 22:57:36', 5),
(2769, 1, 133, 8, 15, '25.07.2013 22:57:36', 5),
(2770, 1, 83, 2, 15, '25.07.2013 22:57:36', 5),
(2771, 1, 114, 1, 15, '25.07.2013 22:57:36', 5),
(2772, 1, 109, 7, 15, '25.07.2013 22:57:36', 5),
(2773, 1, 134, 3, 15, '25.07.2013 22:57:36', 5),
(2774, 1, 103, 7, 15, '25.07.2013 22:57:36', 5),
(2775, 1, 85, 0, 15, '25.07.2013 22:57:36', 5),
(2776, 1, 135, 1, 15, '25.07.2013 22:57:36', 5),
(2777, 1, 97, 9, 15, '25.07.2013 22:57:36', 5),
(2778, 1, 84, 8, 15, '25.07.2013 22:57:36', 5),
(2779, 1, 98, 8, 15, '25.07.2013 22:57:36', 5),
(2780, 1, 136, 2, 15, '25.07.2013 22:57:36', 5),
(2781, 1, 137, 6, 15, '25.07.2013 22:57:36', 5),
(2782, 1, 138, 9, 15, '25.07.2013 22:57:36', 5),
(2783, 1, 102, 6, 15, '25.07.2013 22:57:36', 5),
(2784, 1, 93, 1, 15, '25.07.2013 22:57:36', 5),
(2785, 1, 77, 3, 15, '26.07.2013 22:57:36', 5),
(2786, 1, 99, 9, 15, '26.07.2013 22:57:36', 5),
(2787, 1, 80, 10, 15, '26.07.2013 22:57:36', 5),
(2788, 1, 70, 6, 15, '26.07.2013 22:57:36', 5),
(2789, 1, 79, 7, 15, '26.07.2013 22:57:36', 5),
(2790, 1, 78, 4, 15, '26.07.2013 22:57:36', 5),
(2791, 1, 91, 3, 15, '26.07.2013 22:57:36', 5),
(2792, 1, 118, 0, 15, '26.07.2013 22:57:36', 5),
(2793, 1, 122, 10, 15, '26.07.2013 22:57:36', 5),
(2794, 1, 76, 4, 15, '26.07.2013 22:57:36', 5),
(2795, 1, 72, 9, 15, '26.07.2013 22:57:36', 5),
(2796, 1, 89, 8, 15, '26.07.2013 22:57:36', 5),
(2797, 1, 90, 7, 15, '26.07.2013 22:57:36', 5),
(2798, 1, 94, 3, 15, '26.07.2013 22:57:36', 5),
(2799, 1, 123, 9, 15, '26.07.2013 22:57:36', 5),
(2800, 1, 124, 6, 15, '26.07.2013 22:57:36', 5),
(2801, 1, 95, 8, 15, '26.07.2013 22:57:37', 5),
(2802, 1, 108, 7, 15, '26.07.2013 22:57:37', 5),
(2803, 1, 125, 10, 15, '26.07.2013 22:57:37', 5),
(2804, 1, 86, 10, 15, '26.07.2013 22:57:37', 5),
(2805, 1, 126, 5, 15, '26.07.2013 22:57:37', 5),
(2806, 1, 105, 4, 15, '26.07.2013 22:57:37', 5),
(2807, 1, 104, 9, 15, '26.07.2013 22:57:37', 5),
(2808, 1, 127, 1, 15, '26.07.2013 22:57:37', 5),
(2809, 1, 71, 2, 15, '26.07.2013 22:57:37', 5),
(2810, 1, 106, 5, 15, '26.07.2013 22:57:37', 5),
(2811, 1, 128, 1, 15, '26.07.2013 22:57:37', 5),
(2812, 1, 129, 6, 15, '26.07.2013 22:57:37', 5),
(2813, 1, 107, 0, 15, '26.07.2013 22:57:37', 5),
(2814, 1, 130, 10, 15, '26.07.2013 22:57:37', 5),
(2815, 1, 131, 3, 15, '26.07.2013 22:57:37', 5),
(2816, 1, 132, 0, 15, '26.07.2013 22:57:37', 5),
(2817, 1, 133, 10, 15, '26.07.2013 22:57:37', 5),
(2818, 1, 83, 9, 15, '26.07.2013 22:57:37', 5),
(2819, 1, 114, 0, 15, '26.07.2013 22:57:37', 5),
(2820, 1, 109, 6, 15, '26.07.2013 22:57:37', 5),
(2821, 1, 134, 2, 15, '26.07.2013 22:57:37', 5),
(2822, 1, 103, 4, 15, '26.07.2013 22:57:37', 5),
(2823, 1, 85, 4, 15, '26.07.2013 22:57:37', 5),
(2824, 1, 135, 9, 15, '26.07.2013 22:57:37', 5),
(2825, 1, 97, 0, 15, '26.07.2013 22:57:37', 5),
(2826, 1, 84, 8, 15, '26.07.2013 22:57:37', 5),
(2827, 1, 98, 8, 15, '26.07.2013 22:57:37', 5),
(2828, 1, 136, 10, 15, '26.07.2013 22:57:37', 5),
(2829, 1, 137, 2, 15, '26.07.2013 22:57:37', 5),
(2830, 1, 138, 7, 15, '26.07.2013 22:57:37', 5),
(2831, 1, 102, 5, 15, '26.07.2013 22:57:37', 5),
(2832, 1, 93, 7, 15, '26.07.2013 22:57:37', 5),
(2833, 1, 77, 6, 15, '27.07.2013 22:57:37', 5),
(2834, 1, 99, 4, 15, '27.07.2013 22:57:37', 5),
(2835, 1, 80, 3, 15, '27.07.2013 22:57:37', 5),
(2836, 1, 70, 1, 15, '27.07.2013 22:57:37', 5),
(2837, 1, 79, 10, 15, '27.07.2013 22:57:37', 5),
(2838, 1, 78, 5, 15, '27.07.2013 22:57:37', 5),
(2839, 1, 91, 0, 15, '27.07.2013 22:57:37', 5),
(2840, 1, 118, 0, 15, '27.07.2013 22:57:37', 5),
(2841, 1, 122, 8, 15, '27.07.2013 22:57:37', 5),
(2842, 1, 76, 2, 15, '27.07.2013 22:57:37', 5),
(2843, 1, 72, 2, 15, '27.07.2013 22:57:37', 5),
(2844, 1, 89, 4, 15, '27.07.2013 22:57:37', 5),
(2845, 1, 90, 1, 15, '27.07.2013 22:57:37', 5),
(2846, 1, 94, 0, 15, '27.07.2013 22:57:37', 5),
(2847, 1, 123, 10, 15, '27.07.2013 22:57:37', 5),
(2848, 1, 124, 0, 15, '27.07.2013 22:57:37', 5),
(2849, 1, 95, 1, 15, '27.07.2013 22:57:37', 5),
(2850, 1, 108, 1, 15, '27.07.2013 22:57:37', 5),
(2851, 1, 125, 4, 15, '27.07.2013 22:57:37', 5),
(2852, 1, 86, 9, 15, '27.07.2013 22:57:37', 5),
(2853, 1, 126, 8, 15, '27.07.2013 22:57:37', 5),
(2854, 1, 105, 8, 15, '27.07.2013 22:57:37', 5),
(2855, 1, 104, 8, 15, '27.07.2013 22:57:37', 5),
(2856, 1, 127, 9, 15, '27.07.2013 22:57:37', 5),
(2857, 1, 71, 6, 15, '27.07.2013 22:57:37', 5),
(2858, 1, 106, 2, 15, '27.07.2013 22:57:37', 5),
(2859, 1, 128, 3, 15, '27.07.2013 22:57:37', 5),
(2860, 1, 129, 2, 15, '27.07.2013 22:57:37', 5),
(2861, 1, 107, 8, 15, '27.07.2013 22:57:37', 5),
(2862, 1, 130, 1, 15, '27.07.2013 22:57:37', 5),
(2863, 1, 131, 9, 15, '27.07.2013 22:57:37', 5),
(2864, 1, 132, 2, 15, '27.07.2013 22:57:37', 5),
(2865, 1, 133, 6, 15, '27.07.2013 22:57:37', 5),
(2866, 1, 83, 4, 15, '27.07.2013 22:57:37', 5),
(2867, 1, 114, 6, 15, '27.07.2013 22:57:37', 5),
(2868, 1, 109, 4, 15, '27.07.2013 22:57:38', 5),
(2869, 1, 134, 7, 15, '27.07.2013 22:57:38', 5),
(2870, 1, 103, 1, 15, '27.07.2013 22:57:38', 5),
(2871, 1, 85, 9, 15, '27.07.2013 22:57:38', 5),
(2872, 1, 135, 0, 15, '27.07.2013 22:57:38', 5),
(2873, 1, 97, 1, 15, '27.07.2013 22:57:38', 5),
(2874, 1, 84, 3, 15, '27.07.2013 22:57:38', 5),
(2875, 1, 98, 9, 15, '27.07.2013 22:57:38', 5),
(2876, 1, 136, 0, 15, '27.07.2013 22:57:38', 5),
(2877, 1, 137, 8, 15, '27.07.2013 22:57:38', 5),
(2878, 1, 138, 3, 15, '27.07.2013 22:57:38', 5),
(2879, 1, 102, 3, 15, '27.07.2013 22:57:38', 5),
(2880, 1, 93, 7, 15, '27.07.2013 22:57:38', 5),
(2881, 1, 70, 3, 15, '13.07.2014 23:03:29', 6),
(2882, 1, 71, 6, 15, '13.07.2014 23:03:29', 6),
(2883, 1, 72, 10, 15, '13.07.2014 23:03:29', 6),
(2884, 1, 73, 7, 15, '13.07.2014 23:03:29', 6),
(2885, 1, 74, 1, 15, '13.07.2014 23:03:29', 6),
(2886, 1, 75, 3, 15, '13.07.2014 23:03:29', 6),
(2887, 1, 76, 10, 15, '13.07.2014 23:03:29', 6),
(2888, 1, 77, 9, 15, '13.07.2014 23:03:29', 6),
(2889, 1, 78, 7, 15, '13.07.2014 23:03:29', 6),
(2890, 1, 79, 6, 15, '13.07.2014 23:03:29', 6),
(2891, 1, 80, 6, 15, '13.07.2014 23:03:29', 6),
(2892, 1, 81, 2, 15, '13.07.2014 23:03:29', 6),
(2893, 1, 82, 9, 15, '13.07.2014 23:03:29', 6),
(2894, 1, 83, 6, 15, '13.07.2014 23:03:29', 6),
(2895, 1, 84, 5, 15, '13.07.2014 23:03:29', 6),
(2896, 1, 85, 9, 15, '13.07.2014 23:03:29', 6),
(2897, 1, 86, 9, 15, '13.07.2014 23:03:29', 6),
(2898, 1, 87, 7, 15, '13.07.2014 23:03:29', 6),
(2899, 1, 88, 2, 15, '13.07.2014 23:03:29', 6),
(2900, 1, 89, 8, 15, '13.07.2014 23:03:29', 6),
(2901, 1, 90, 8, 15, '13.07.2014 23:03:29', 6),
(2902, 1, 91, 8, 15, '13.07.2014 23:03:29', 6),
(2903, 1, 92, 2, 15, '13.07.2014 23:03:29', 6),
(2904, 1, 93, 2, 15, '13.07.2014 23:03:29', 6),
(2905, 1, 94, 7, 15, '13.07.2014 23:03:29', 6),
(2906, 1, 95, 6, 15, '13.07.2014 23:03:29', 6),
(2907, 1, 96, 6, 15, '13.07.2014 23:03:29', 6),
(2908, 1, 97, 5, 15, '13.07.2014 23:03:29', 6),
(2909, 1, 98, 4, 15, '13.07.2014 23:03:29', 6),
(2910, 1, 99, 3, 15, '13.07.2014 23:03:29', 6),
(2911, 1, 100, 7, 15, '13.07.2014 23:03:29', 6),
(2912, 1, 101, 7, 15, '13.07.2014 23:03:29', 6),
(2913, 1, 102, 7, 15, '13.07.2014 23:03:29', 6),
(2914, 1, 103, 3, 15, '13.07.2014 23:03:29', 6),
(2915, 1, 104, 8, 15, '13.07.2014 23:03:29', 6),
(2916, 1, 105, 2, 15, '13.07.2014 23:03:29', 6),
(2917, 1, 106, 1, 15, '13.07.2014 23:03:29', 6),
(2918, 1, 107, 3, 15, '13.07.2014 23:03:29', 6),
(2919, 1, 108, 7, 15, '13.07.2014 23:03:29', 6),
(2920, 1, 109, 3, 15, '13.07.2014 23:03:29', 6),
(2921, 1, 110, 2, 15, '13.07.2014 23:03:29', 6),
(2922, 1, 111, 7, 15, '13.07.2014 23:03:29', 6),
(2923, 1, 112, 7, 15, '13.07.2014 23:03:29', 6),
(2924, 1, 113, 3, 15, '13.07.2014 23:03:29', 6),
(2925, 1, 114, 3, 15, '13.07.2014 23:03:29', 6),
(2926, 1, 115, 10, 15, '13.07.2014 23:03:29', 6),
(2927, 1, 116, 9, 15, '13.07.2014 23:03:29', 6),
(2928, 1, 117, 5, 15, '13.07.2014 23:03:29', 6),
(2929, 1, 118, 1, 15, '13.07.2014 23:03:29', 6),
(2930, 1, 119, 4, 15, '13.07.2014 23:03:29', 6),
(2931, 1, 120, 9, 15, '13.07.2014 23:03:30', 6),
(2932, 1, 121, 5, 15, '13.07.2014 23:03:30', 6),
(2933, 1, 70, 7, 15, '14.07.2014 23:03:30', 6),
(2934, 1, 71, 4, 15, '14.07.2014 23:03:30', 6),
(2935, 1, 72, 3, 15, '14.07.2014 23:03:30', 6),
(2936, 1, 73, 8, 15, '14.07.2014 23:03:30', 6),
(2937, 1, 74, 6, 15, '14.07.2014 23:03:30', 6),
(2938, 1, 75, 4, 15, '14.07.2014 23:03:30', 6),
(2939, 1, 76, 6, 15, '14.07.2014 23:03:30', 6),
(2940, 1, 77, 3, 15, '14.07.2014 23:03:30', 6),
(2941, 1, 78, 4, 15, '14.07.2014 23:03:30', 6),
(2942, 1, 79, 9, 15, '14.07.2014 23:03:30', 6),
(2943, 1, 80, 0, 15, '14.07.2014 23:03:30', 6),
(2944, 1, 81, 8, 15, '14.07.2014 23:03:30', 6),
(2945, 1, 82, 1, 15, '14.07.2014 23:03:30', 6),
(2946, 1, 83, 0, 15, '14.07.2014 23:03:30', 6),
(2947, 1, 84, 8, 15, '14.07.2014 23:03:30', 6),
(2948, 1, 85, 1, 15, '14.07.2014 23:03:30', 6),
(2949, 1, 86, 4, 15, '14.07.2014 23:03:30', 6),
(2950, 1, 87, 9, 15, '14.07.2014 23:03:30', 6),
(2951, 1, 88, 2, 15, '14.07.2014 23:03:30', 6),
(2952, 1, 89, 2, 15, '14.07.2014 23:03:30', 6),
(2953, 1, 90, 10, 15, '14.07.2014 23:03:30', 6),
(2954, 1, 91, 0, 15, '14.07.2014 23:03:30', 6),
(2955, 1, 92, 4, 15, '14.07.2014 23:03:30', 6),
(2956, 1, 93, 5, 15, '14.07.2014 23:03:30', 6),
(2957, 1, 94, 7, 15, '14.07.2014 23:03:30', 6),
(2958, 1, 95, 1, 15, '14.07.2014 23:03:30', 6),
(2959, 1, 96, 7, 15, '14.07.2014 23:03:30', 6),
(2960, 1, 97, 9, 15, '14.07.2014 23:03:30', 6),
(2961, 1, 98, 0, 15, '14.07.2014 23:03:30', 6),
(2962, 1, 99, 9, 15, '14.07.2014 23:03:30', 6),
(2963, 1, 100, 6, 15, '14.07.2014 23:03:30', 6),
(2964, 1, 101, 3, 15, '14.07.2014 23:03:30', 6),
(2965, 1, 102, 5, 15, '14.07.2014 23:03:30', 6),
(2966, 1, 103, 7, 15, '14.07.2014 23:03:30', 6),
(2967, 1, 104, 7, 15, '14.07.2014 23:03:30', 6),
(2968, 1, 105, 6, 15, '14.07.2014 23:03:30', 6),
(2969, 1, 106, 7, 15, '14.07.2014 23:03:30', 6),
(2970, 1, 107, 2, 15, '14.07.2014 23:03:30', 6),
(2971, 1, 108, 0, 15, '14.07.2014 23:03:30', 6),
(2972, 1, 109, 10, 15, '14.07.2014 23:03:30', 6),
(2973, 1, 110, 1, 15, '14.07.2014 23:03:30', 6),
(2974, 1, 111, 4, 15, '14.07.2014 23:03:30', 6),
(2975, 1, 112, 10, 15, '14.07.2014 23:03:30', 6),
(2976, 1, 113, 7, 15, '14.07.2014 23:03:30', 6),
(2977, 1, 114, 2, 15, '14.07.2014 23:03:30', 6),
(2978, 1, 115, 9, 15, '14.07.2014 23:03:30', 6),
(2979, 1, 116, 5, 15, '14.07.2014 23:03:30', 6),
(2980, 1, 117, 8, 15, '14.07.2014 23:03:30', 6),
(2981, 1, 118, 2, 15, '14.07.2014 23:03:30', 6),
(2982, 1, 119, 7, 15, '14.07.2014 23:03:30', 6),
(2983, 1, 120, 4, 15, '14.07.2014 23:03:30', 6),
(2984, 1, 121, 5, 15, '14.07.2014 23:03:30', 6),
(2985, 1, 70, 9, 15, '15.07.2014 23:03:30', 6),
(2986, 1, 71, 1, 15, '15.07.2014 23:03:30', 6),
(2987, 1, 72, 6, 15, '15.07.2014 23:03:30', 6),
(2988, 1, 73, 7, 15, '15.07.2014 23:03:30', 6),
(2989, 1, 74, 2, 15, '15.07.2014 23:03:30', 6),
(2990, 1, 75, 6, 15, '15.07.2014 23:03:30', 6),
(2991, 1, 76, 4, 15, '15.07.2014 23:03:30', 6),
(2992, 1, 77, 1, 15, '15.07.2014 23:03:30', 6),
(2993, 1, 78, 8, 15, '15.07.2014 23:03:30', 6),
(2994, 1, 79, 5, 15, '15.07.2014 23:03:30', 6),
(2995, 1, 80, 0, 15, '15.07.2014 23:03:30', 6),
(2996, 1, 81, 2, 15, '15.07.2014 23:03:30', 6),
(2997, 1, 82, 8, 15, '15.07.2014 23:03:30', 6),
(2998, 1, 83, 1, 15, '15.07.2014 23:03:30', 6),
(2999, 1, 84, 1, 15, '15.07.2014 23:03:30', 6),
(3000, 1, 85, 2, 15, '15.07.2014 23:03:30', 6),
(3001, 1, 86, 4, 15, '15.07.2014 23:03:30', 6),
(3002, 1, 87, 10, 15, '15.07.2014 23:03:30', 6),
(3003, 1, 88, 5, 15, '15.07.2014 23:03:30', 6),
(3004, 1, 89, 7, 15, '15.07.2014 23:03:30', 6),
(3005, 1, 90, 7, 15, '15.07.2014 23:03:30', 6),
(3006, 1, 91, 9, 15, '15.07.2014 23:03:30', 6),
(3007, 1, 92, 5, 15, '15.07.2014 23:03:31', 6),
(3008, 1, 93, 8, 15, '15.07.2014 23:03:31', 6),
(3009, 1, 94, 10, 15, '15.07.2014 23:03:31', 6),
(3010, 1, 95, 5, 15, '15.07.2014 23:03:31', 6),
(3011, 1, 96, 5, 15, '15.07.2014 23:03:31', 6),
(3012, 1, 97, 2, 15, '15.07.2014 23:03:31', 6),
(3013, 1, 98, 6, 15, '15.07.2014 23:03:31', 6),
(3014, 1, 99, 4, 15, '15.07.2014 23:03:31', 6),
(3015, 1, 100, 10, 15, '15.07.2014 23:03:31', 6),
(3016, 1, 101, 8, 15, '15.07.2014 23:03:31', 6),
(3017, 1, 102, 0, 15, '15.07.2014 23:03:31', 6),
(3018, 1, 103, 3, 15, '15.07.2014 23:03:31', 6),
(3019, 1, 104, 2, 15, '15.07.2014 23:03:31', 6),
(3020, 1, 105, 1, 15, '15.07.2014 23:03:31', 6),
(3021, 1, 106, 2, 15, '15.07.2014 23:03:31', 6),
(3022, 1, 107, 0, 15, '15.07.2014 23:03:31', 6),
(3023, 1, 108, 10, 15, '15.07.2014 23:03:31', 6),
(3024, 1, 109, 10, 15, '15.07.2014 23:03:31', 6),
(3025, 1, 110, 0, 15, '15.07.2014 23:03:31', 6),
(3026, 1, 111, 9, 15, '15.07.2014 23:03:31', 6),
(3027, 1, 112, 1, 15, '15.07.2014 23:03:31', 6),
(3028, 1, 113, 8, 15, '15.07.2014 23:03:31', 6),
(3029, 1, 114, 5, 15, '15.07.2014 23:03:31', 6),
(3030, 1, 115, 4, 15, '15.07.2014 23:03:31', 6),
(3031, 1, 116, 8, 15, '15.07.2014 23:03:31', 6),
(3032, 1, 117, 8, 15, '15.07.2014 23:03:31', 6),
(3033, 1, 118, 8, 15, '15.07.2014 23:03:31', 6),
(3034, 1, 119, 3, 15, '15.07.2014 23:03:31', 6),
(3035, 1, 120, 1, 15, '15.07.2014 23:03:31', 6),
(3036, 1, 121, 0, 15, '15.07.2014 23:03:31', 6),
(3037, 1, 70, 4, 15, '16.07.2014 23:03:31', 6),
(3038, 1, 71, 1, 15, '16.07.2014 23:03:31', 6),
(3039, 1, 72, 9, 15, '16.07.2014 23:03:31', 6),
(3040, 1, 73, 3, 15, '16.07.2014 23:03:31', 6),
(3041, 1, 74, 6, 15, '16.07.2014 23:03:31', 6),
(3042, 1, 75, 4, 15, '16.07.2014 23:03:31', 6),
(3043, 1, 76, 3, 15, '16.07.2014 23:03:31', 6),
(3044, 1, 77, 4, 15, '16.07.2014 23:03:31', 6),
(3045, 1, 78, 3, 15, '16.07.2014 23:03:31', 6),
(3046, 1, 79, 1, 15, '16.07.2014 23:03:31', 6),
(3047, 1, 80, 9, 15, '16.07.2014 23:03:31', 6),
(3048, 1, 81, 10, 15, '16.07.2014 23:03:31', 6),
(3049, 1, 82, 0, 15, '16.07.2014 23:03:31', 6),
(3050, 1, 83, 8, 15, '16.07.2014 23:03:31', 6),
(3051, 1, 84, 7, 15, '16.07.2014 23:03:31', 6),
(3052, 1, 85, 7, 15, '16.07.2014 23:03:31', 6),
(3053, 1, 86, 9, 15, '16.07.2014 23:03:31', 6),
(3054, 1, 87, 5, 15, '16.07.2014 23:03:31', 6),
(3055, 1, 88, 10, 15, '16.07.2014 23:03:31', 6),
(3056, 1, 89, 5, 15, '16.07.2014 23:03:31', 6),
(3057, 1, 90, 10, 15, '16.07.2014 23:03:31', 6),
(3058, 1, 91, 2, 15, '16.07.2014 23:03:31', 6),
(3059, 1, 92, 0, 15, '16.07.2014 23:03:31', 6),
(3060, 1, 93, 10, 15, '16.07.2014 23:03:31', 6),
(3061, 1, 94, 4, 15, '16.07.2014 23:03:31', 6),
(3062, 1, 95, 5, 15, '16.07.2014 23:03:31', 6),
(3063, 1, 96, 1, 15, '16.07.2014 23:03:31', 6),
(3064, 1, 97, 10, 15, '16.07.2014 23:03:31', 6),
(3065, 1, 98, 7, 15, '16.07.2014 23:03:31', 6),
(3066, 1, 99, 4, 15, '16.07.2014 23:03:31', 6),
(3067, 1, 100, 5, 15, '16.07.2014 23:03:31', 6),
(3068, 1, 101, 5, 15, '16.07.2014 23:03:31', 6),
(3069, 1, 102, 10, 15, '16.07.2014 23:03:31', 6),
(3070, 1, 103, 0, 15, '16.07.2014 23:03:31', 6),
(3071, 1, 104, 9, 15, '16.07.2014 23:03:31', 6),
(3072, 1, 105, 5, 15, '16.07.2014 23:03:31', 6),
(3073, 1, 106, 4, 15, '16.07.2014 23:03:31', 6),
(3074, 1, 107, 1, 15, '16.07.2014 23:03:31', 6),
(3075, 1, 108, 4, 15, '16.07.2014 23:03:31', 6),
(3076, 1, 109, 9, 15, '16.07.2014 23:03:31', 6),
(3077, 1, 110, 2, 15, '16.07.2014 23:03:31', 6),
(3078, 1, 111, 0, 15, '16.07.2014 23:03:31', 6),
(3079, 1, 112, 8, 15, '16.07.2014 23:03:31', 6),
(3080, 1, 113, 6, 15, '16.07.2014 23:03:31', 6),
(3081, 1, 114, 8, 15, '16.07.2014 23:03:31', 6),
(3082, 1, 115, 9, 15, '16.07.2014 23:03:31', 6),
(3083, 1, 116, 1, 15, '16.07.2014 23:03:31', 6),
(3084, 1, 117, 7, 15, '16.07.2014 23:03:31', 6),
(3085, 1, 118, 5, 15, '16.07.2014 23:03:31', 6),
(3086, 1, 119, 10, 15, '16.07.2014 23:03:31', 6),
(3087, 1, 120, 3, 15, '16.07.2014 23:03:31', 6),
(3088, 1, 121, 2, 15, '16.07.2014 23:03:31', 6),
(3089, 1, 70, 2, 15, '17.07.2014 23:03:31', 6),
(3090, 1, 71, 2, 15, '17.07.2014 23:03:31', 6),
(3091, 1, 72, 4, 15, '17.07.2014 23:03:32', 6),
(3092, 1, 73, 4, 15, '17.07.2014 23:03:32', 6),
(3093, 1, 74, 3, 15, '17.07.2014 23:03:32', 6),
(3094, 1, 75, 1, 15, '17.07.2014 23:03:32', 6),
(3095, 1, 76, 6, 15, '17.07.2014 23:03:32', 6),
(3096, 1, 77, 6, 15, '17.07.2014 23:03:32', 6),
(3097, 1, 78, 7, 15, '17.07.2014 23:03:32', 6),
(3098, 1, 79, 7, 15, '17.07.2014 23:03:32', 6),
(3099, 1, 80, 10, 15, '17.07.2014 23:03:32', 6),
(3100, 1, 81, 10, 15, '17.07.2014 23:03:32', 6),
(3101, 1, 82, 1, 15, '17.07.2014 23:03:32', 6),
(3102, 1, 83, 9, 15, '17.07.2014 23:03:32', 6),
(3103, 1, 84, 4, 15, '17.07.2014 23:03:32', 6),
(3104, 1, 85, 2, 15, '17.07.2014 23:03:32', 6),
(3105, 1, 86, 5, 15, '17.07.2014 23:03:32', 6),
(3106, 1, 87, 2, 15, '17.07.2014 23:03:32', 6),
(3107, 1, 88, 4, 15, '17.07.2014 23:03:32', 6),
(3108, 1, 89, 6, 15, '17.07.2014 23:03:32', 6),
(3109, 1, 90, 0, 15, '17.07.2014 23:03:32', 6),
(3110, 1, 91, 9, 15, '17.07.2014 23:03:32', 6),
(3111, 1, 92, 4, 15, '17.07.2014 23:03:32', 6),
(3112, 1, 93, 0, 15, '17.07.2014 23:03:32', 6),
(3113, 1, 94, 0, 15, '17.07.2014 23:03:32', 6),
(3114, 1, 95, 0, 15, '17.07.2014 23:03:32', 6),
(3115, 1, 96, 1, 15, '17.07.2014 23:03:32', 6),
(3116, 1, 97, 4, 15, '17.07.2014 23:03:32', 6),
(3117, 1, 98, 9, 15, '17.07.2014 23:03:32', 6),
(3118, 1, 99, 8, 15, '17.07.2014 23:03:32', 6),
(3119, 1, 100, 3, 15, '17.07.2014 23:03:32', 6),
(3120, 1, 101, 9, 15, '17.07.2014 23:03:32', 6),
(3121, 1, 102, 4, 15, '17.07.2014 23:03:32', 6),
(3122, 1, 103, 7, 15, '17.07.2014 23:03:32', 6),
(3123, 1, 104, 6, 15, '17.07.2014 23:03:32', 6),
(3124, 1, 105, 6, 15, '17.07.2014 23:03:32', 6),
(3125, 1, 106, 0, 15, '17.07.2014 23:03:32', 6),
(3126, 1, 107, 3, 15, '17.07.2014 23:03:32', 6),
(3127, 1, 108, 10, 15, '17.07.2014 23:03:32', 6),
(3128, 1, 109, 6, 15, '17.07.2014 23:03:32', 6),
(3129, 1, 110, 0, 15, '17.07.2014 23:03:32', 6),
(3130, 1, 111, 10, 15, '17.07.2014 23:03:32', 6),
(3131, 1, 112, 6, 15, '17.07.2014 23:03:32', 6),
(3132, 1, 113, 5, 15, '17.07.2014 23:03:32', 6),
(3133, 1, 114, 7, 15, '17.07.2014 23:03:32', 6),
(3134, 1, 115, 7, 15, '17.07.2014 23:03:32', 6),
(3135, 1, 116, 3, 15, '17.07.2014 23:03:32', 6),
(3136, 1, 117, 8, 15, '17.07.2014 23:03:32', 6),
(3137, 1, 118, 5, 15, '17.07.2014 23:03:32', 6),
(3138, 1, 119, 6, 15, '17.07.2014 23:03:32', 6),
(3139, 1, 120, 9, 15, '17.07.2014 23:03:32', 6),
(3140, 1, 121, 9, 15, '17.07.2014 23:03:32', 6),
(3141, 1, 70, 6, 15, '18.07.2014 23:03:32', 6),
(3142, 1, 71, 4, 15, '18.07.2014 23:03:32', 6),
(3143, 1, 72, 6, 15, '18.07.2014 23:03:32', 6),
(3144, 1, 73, 6, 15, '18.07.2014 23:03:32', 6),
(3145, 1, 74, 7, 15, '18.07.2014 23:03:32', 6),
(3146, 1, 75, 9, 15, '18.07.2014 23:03:32', 6),
(3147, 1, 76, 10, 15, '18.07.2014 23:03:32', 6),
(3148, 1, 77, 6, 15, '18.07.2014 23:03:32', 6),
(3149, 1, 78, 7, 15, '18.07.2014 23:03:32', 6),
(3150, 1, 79, 6, 15, '18.07.2014 23:03:32', 6),
(3151, 1, 80, 8, 15, '18.07.2014 23:03:32', 6),
(3152, 1, 81, 8, 15, '18.07.2014 23:03:32', 6),
(3153, 1, 82, 10, 15, '18.07.2014 23:03:32', 6),
(3154, 1, 83, 4, 15, '18.07.2014 23:03:32', 6),
(3155, 1, 84, 4, 15, '18.07.2014 23:03:32', 6),
(3156, 1, 85, 8, 15, '18.07.2014 23:03:32', 6),
(3157, 1, 86, 6, 15, '18.07.2014 23:03:32', 6),
(3158, 1, 87, 7, 15, '18.07.2014 23:03:32', 6),
(3159, 1, 88, 2, 15, '18.07.2014 23:03:32', 6),
(3160, 1, 89, 9, 15, '18.07.2014 23:03:32', 6),
(3161, 1, 90, 10, 15, '18.07.2014 23:03:32', 6),
(3162, 1, 91, 0, 15, '18.07.2014 23:03:32', 6),
(3163, 1, 92, 1, 15, '18.07.2014 23:03:32', 6),
(3164, 1, 93, 5, 15, '18.07.2014 23:03:32', 6),
(3165, 1, 94, 10, 15, '18.07.2014 23:03:32', 6),
(3166, 1, 95, 9, 15, '18.07.2014 23:03:32', 6),
(3167, 1, 96, 6, 15, '18.07.2014 23:03:32', 6),
(3168, 1, 97, 10, 15, '18.07.2014 23:03:32', 6),
(3169, 1, 98, 9, 15, '18.07.2014 23:03:32', 6),
(3170, 1, 99, 4, 15, '18.07.2014 23:03:32', 6),
(3171, 1, 100, 7, 15, '18.07.2014 23:03:32', 6),
(3172, 1, 101, 4, 15, '18.07.2014 23:03:32', 6),
(3173, 1, 102, 4, 15, '18.07.2014 23:03:33', 6),
(3174, 1, 103, 4, 15, '18.07.2014 23:03:33', 6),
(3175, 1, 104, 4, 15, '18.07.2014 23:03:33', 6),
(3176, 1, 105, 5, 15, '18.07.2014 23:03:33', 6),
(3177, 1, 106, 10, 15, '18.07.2014 23:03:33', 6),
(3178, 1, 107, 3, 15, '18.07.2014 23:03:33', 6),
(3179, 1, 108, 1, 15, '18.07.2014 23:03:33', 6),
(3180, 1, 109, 9, 15, '18.07.2014 23:03:33', 6),
(3181, 1, 110, 10, 15, '18.07.2014 23:03:33', 6),
(3182, 1, 111, 8, 15, '18.07.2014 23:03:33', 6),
(3183, 1, 112, 3, 15, '18.07.2014 23:03:33', 6),
(3184, 1, 113, 0, 15, '18.07.2014 23:03:33', 6),
(3185, 1, 114, 1, 15, '18.07.2014 23:03:33', 6),
(3186, 1, 115, 5, 15, '18.07.2014 23:03:33', 6),
(3187, 1, 116, 6, 15, '18.07.2014 23:03:33', 6),
(3188, 1, 117, 1, 15, '18.07.2014 23:03:33', 6),
(3189, 1, 118, 0, 15, '18.07.2014 23:03:33', 6),
(3190, 1, 119, 5, 15, '18.07.2014 23:03:33', 6),
(3191, 1, 120, 9, 15, '18.07.2014 23:03:33', 6),
(3192, 1, 121, 9, 15, '18.07.2014 23:03:33', 6),
(3193, 1, 70, 5, 15, '19.07.2014 23:03:33', 6),
(3194, 1, 71, 10, 15, '19.07.2014 23:03:33', 6),
(3195, 1, 72, 10, 15, '19.07.2014 23:03:33', 6),
(3196, 1, 73, 8, 15, '19.07.2014 23:03:33', 6),
(3197, 1, 74, 5, 15, '19.07.2014 23:03:33', 6),
(3198, 1, 75, 3, 15, '19.07.2014 23:03:33', 6),
(3199, 1, 76, 3, 15, '19.07.2014 23:03:33', 6),
(3200, 1, 77, 10, 15, '19.07.2014 23:03:33', 6),
(3201, 1, 78, 8, 15, '19.07.2014 23:03:33', 6),
(3202, 1, 79, 3, 15, '19.07.2014 23:03:33', 6),
(3203, 1, 80, 4, 15, '19.07.2014 23:03:33', 6),
(3204, 1, 81, 2, 15, '19.07.2014 23:03:33', 6),
(3205, 1, 82, 0, 15, '19.07.2014 23:03:33', 6),
(3206, 1, 83, 9, 15, '19.07.2014 23:03:33', 6),
(3207, 1, 84, 8, 15, '19.07.2014 23:03:33', 6),
(3208, 1, 85, 8, 15, '19.07.2014 23:03:33', 6),
(3209, 1, 86, 9, 15, '19.07.2014 23:03:33', 6),
(3210, 1, 87, 10, 15, '19.07.2014 23:03:33', 6),
(3211, 1, 88, 5, 15, '19.07.2014 23:03:33', 6),
(3212, 1, 89, 6, 15, '19.07.2014 23:03:33', 6),
(3213, 1, 90, 3, 15, '19.07.2014 23:03:33', 6),
(3214, 1, 91, 8, 15, '19.07.2014 23:03:33', 6),
(3215, 1, 92, 3, 15, '19.07.2014 23:03:33', 6),
(3216, 1, 93, 1, 15, '19.07.2014 23:03:33', 6),
(3217, 1, 94, 2, 15, '19.07.2014 23:03:33', 6),
(3218, 1, 95, 4, 15, '19.07.2014 23:03:33', 6),
(3219, 1, 96, 9, 15, '19.07.2014 23:03:33', 6),
(3220, 1, 97, 10, 15, '19.07.2014 23:03:33', 6),
(3221, 1, 98, 5, 15, '19.07.2014 23:03:33', 6),
(3222, 1, 99, 9, 15, '19.07.2014 23:03:33', 6),
(3223, 1, 100, 6, 15, '19.07.2014 23:03:33', 6),
(3224, 1, 101, 6, 15, '19.07.2014 23:03:33', 6),
(3225, 1, 102, 2, 15, '19.07.2014 23:03:33', 6),
(3226, 1, 103, 3, 15, '19.07.2014 23:03:33', 6),
(3227, 1, 104, 3, 15, '19.07.2014 23:03:33', 6),
(3228, 1, 105, 7, 15, '19.07.2014 23:03:33', 6),
(3229, 1, 106, 9, 15, '19.07.2014 23:03:33', 6),
(3230, 1, 107, 4, 15, '19.07.2014 23:03:33', 6),
(3231, 1, 108, 1, 15, '19.07.2014 23:03:33', 6),
(3232, 1, 109, 3, 15, '19.07.2014 23:03:33', 6),
(3233, 1, 110, 10, 15, '19.07.2014 23:03:33', 6),
(3234, 1, 111, 9, 15, '19.07.2014 23:03:33', 6),
(3235, 1, 112, 4, 15, '19.07.2014 23:03:33', 6),
(3236, 1, 113, 8, 15, '19.07.2014 23:03:33', 6),
(3237, 1, 114, 8, 15, '19.07.2014 23:03:33', 6),
(3238, 1, 115, 1, 15, '19.07.2014 23:03:33', 6),
(3239, 1, 116, 1, 15, '19.07.2014 23:03:33', 6),
(3240, 1, 117, 9, 15, '19.07.2014 23:03:33', 6),
(3241, 1, 118, 3, 15, '19.07.2014 23:03:33', 6),
(3242, 1, 119, 0, 15, '19.07.2014 23:03:33', 6),
(3243, 1, 120, 0, 15, '19.07.2014 23:03:33', 6),
(3244, 1, 121, 3, 15, '19.07.2014 23:03:33', 6),
(3245, 1, 70, 1, 15, '20.07.2014 23:03:33', 6),
(3246, 1, 71, 1, 15, '20.07.2014 23:03:33', 6),
(3247, 1, 72, 2, 15, '20.07.2014 23:03:33', 6),
(3248, 1, 73, 6, 15, '20.07.2014 23:03:33', 6),
(3249, 1, 74, 1, 15, '20.07.2014 23:03:33', 6),
(3250, 1, 75, 10, 15, '20.07.2014 23:03:33', 6),
(3251, 1, 76, 3, 15, '20.07.2014 23:03:33', 6),
(3252, 1, 77, 5, 15, '20.07.2014 23:03:33', 6),
(3253, 1, 78, 2, 15, '20.07.2014 23:03:33', 6),
(3254, 1, 79, 4, 15, '20.07.2014 23:03:33', 6),
(3255, 1, 80, 4, 15, '20.07.2014 23:03:33', 6),
(3256, 1, 81, 7, 15, '20.07.2014 23:03:33', 6),
(3257, 1, 82, 5, 15, '20.07.2014 23:03:33', 6),
(3258, 1, 83, 2, 15, '20.07.2014 23:03:33', 6),
(3259, 1, 84, 5, 15, '20.07.2014 23:03:33', 6),
(3260, 1, 85, 4, 15, '20.07.2014 23:03:33', 6),
(3261, 1, 86, 3, 15, '20.07.2014 23:03:34', 6),
(3262, 1, 87, 9, 15, '20.07.2014 23:03:34', 6),
(3263, 1, 88, 10, 15, '20.07.2014 23:03:34', 6),
(3264, 1, 89, 6, 15, '20.07.2014 23:03:34', 6),
(3265, 1, 90, 9, 15, '20.07.2014 23:03:34', 6),
(3266, 1, 91, 7, 15, '20.07.2014 23:03:34', 6),
(3267, 1, 92, 2, 15, '20.07.2014 23:03:34', 6),
(3268, 1, 93, 3, 15, '20.07.2014 23:03:34', 6),
(3269, 1, 94, 9, 15, '20.07.2014 23:03:34', 6),
(3270, 1, 95, 8, 15, '20.07.2014 23:03:34', 6),
(3271, 1, 96, 0, 15, '20.07.2014 23:03:34', 6),
(3272, 1, 97, 9, 15, '20.07.2014 23:03:34', 6),
(3273, 1, 98, 2, 15, '20.07.2014 23:03:34', 6),
(3274, 1, 99, 0, 15, '20.07.2014 23:03:34', 6),
(3275, 1, 100, 7, 15, '20.07.2014 23:03:34', 6),
(3276, 1, 101, 3, 15, '20.07.2014 23:03:34', 6),
(3277, 1, 102, 0, 15, '20.07.2014 23:03:34', 6),
(3278, 1, 103, 5, 15, '20.07.2014 23:03:34', 6),
(3279, 1, 104, 6, 15, '20.07.2014 23:03:34', 6),
(3280, 1, 105, 1, 15, '20.07.2014 23:03:34', 6),
(3281, 1, 106, 6, 15, '20.07.2014 23:03:34', 6),
(3282, 1, 107, 7, 15, '20.07.2014 23:03:34', 6),
(3283, 1, 108, 0, 15, '20.07.2014 23:03:34', 6),
(3284, 1, 109, 2, 15, '20.07.2014 23:03:34', 6),
(3285, 1, 110, 7, 15, '20.07.2014 23:03:34', 6),
(3286, 1, 111, 0, 15, '20.07.2014 23:03:34', 6),
(3287, 1, 112, 5, 15, '20.07.2014 23:03:34', 6),
(3288, 1, 113, 2, 15, '20.07.2014 23:03:34', 6),
(3289, 1, 114, 0, 15, '20.07.2014 23:03:34', 6),
(3290, 1, 115, 4, 15, '20.07.2014 23:03:34', 6),
(3291, 1, 116, 7, 15, '20.07.2014 23:03:34', 6),
(3292, 1, 117, 7, 15, '20.07.2014 23:03:34', 6),
(3293, 1, 118, 9, 15, '20.07.2014 23:03:34', 6),
(3294, 1, 119, 7, 15, '20.07.2014 23:03:34', 6),
(3295, 1, 120, 3, 15, '20.07.2014 23:03:34', 6),
(3296, 1, 121, 10, 15, '20.07.2014 23:03:34', 6),
(3297, 1, 70, 7, 15, '21.07.2014 23:03:34', 6),
(3298, 1, 71, 7, 15, '21.07.2014 23:03:34', 6),
(3299, 1, 72, 5, 15, '21.07.2014 23:03:34', 6),
(3300, 1, 73, 6, 15, '21.07.2014 23:03:34', 6),
(3301, 1, 74, 10, 15, '21.07.2014 23:03:34', 6),
(3302, 1, 75, 10, 15, '21.07.2014 23:03:34', 6),
(3303, 1, 76, 6, 15, '21.07.2014 23:03:34', 6),
(3304, 1, 77, 0, 15, '21.07.2014 23:03:34', 6),
(3305, 1, 78, 3, 15, '21.07.2014 23:03:34', 6),
(3306, 1, 79, 2, 15, '21.07.2014 23:03:34', 6),
(3307, 1, 80, 2, 15, '21.07.2014 23:03:34', 6),
(3308, 1, 81, 8, 15, '21.07.2014 23:03:34', 6),
(3309, 1, 82, 1, 15, '21.07.2014 23:03:34', 6),
(3310, 1, 83, 6, 15, '21.07.2014 23:03:34', 6),
(3311, 1, 84, 3, 15, '21.07.2014 23:03:34', 6),
(3312, 1, 85, 3, 15, '21.07.2014 23:03:34', 6),
(3313, 1, 86, 1, 15, '21.07.2014 23:03:34', 6),
(3314, 1, 87, 7, 15, '21.07.2014 23:03:34', 6),
(3315, 1, 88, 0, 15, '21.07.2014 23:03:34', 6),
(3316, 1, 89, 10, 15, '21.07.2014 23:03:34', 6),
(3317, 1, 90, 10, 15, '21.07.2014 23:03:34', 6),
(3318, 1, 91, 3, 15, '21.07.2014 23:03:34', 6),
(3319, 1, 92, 10, 15, '21.07.2014 23:03:34', 6),
(3320, 1, 93, 0, 15, '21.07.2014 23:03:34', 6),
(3321, 1, 94, 9, 15, '21.07.2014 23:03:34', 6),
(3322, 1, 95, 4, 15, '21.07.2014 23:03:34', 6),
(3323, 1, 96, 3, 15, '21.07.2014 23:03:34', 6),
(3324, 1, 97, 2, 15, '21.07.2014 23:03:34', 6),
(3325, 1, 98, 6, 15, '21.07.2014 23:03:34', 6),
(3326, 1, 99, 10, 15, '21.07.2014 23:03:34', 6),
(3327, 1, 100, 4, 15, '21.07.2014 23:03:34', 6),
(3328, 1, 101, 9, 15, '21.07.2014 23:03:34', 6),
(3329, 1, 102, 4, 15, '21.07.2014 23:03:34', 6),
(3330, 1, 103, 3, 15, '21.07.2014 23:03:34', 6),
(3331, 1, 104, 8, 15, '21.07.2014 23:03:34', 6),
(3332, 1, 105, 3, 15, '21.07.2014 23:03:34', 6),
(3333, 1, 106, 0, 15, '21.07.2014 23:03:34', 6),
(3334, 1, 107, 3, 15, '21.07.2014 23:03:34', 6),
(3335, 1, 108, 10, 15, '21.07.2014 23:03:34', 6),
(3336, 1, 109, 3, 15, '21.07.2014 23:03:34', 6),
(3337, 1, 110, 7, 15, '21.07.2014 23:03:34', 6),
(3338, 1, 111, 9, 15, '21.07.2014 23:03:34', 6),
(3339, 1, 112, 8, 15, '21.07.2014 23:03:34', 6),
(3340, 1, 113, 5, 15, '21.07.2014 23:03:34', 6),
(3341, 1, 114, 10, 15, '21.07.2014 23:03:34', 6),
(3342, 1, 115, 2, 15, '21.07.2014 23:03:34', 6),
(3343, 1, 116, 7, 15, '21.07.2014 23:03:34', 6),
(3344, 1, 117, 9, 15, '21.07.2014 23:03:34', 6),
(3345, 1, 118, 6, 15, '21.07.2014 23:03:34', 6),
(3346, 1, 119, 5, 15, '21.07.2014 23:03:35', 6),
(3347, 1, 120, 4, 15, '21.07.2014 23:03:35', 6),
(3348, 1, 121, 1, 15, '21.07.2014 23:03:35', 6),
(3349, 1, 70, 4, 15, '22.07.2014 23:03:35', 6),
(3350, 1, 71, 4, 15, '22.07.2014 23:03:35', 6),
(3351, 1, 72, 8, 15, '22.07.2014 23:03:35', 6),
(3352, 1, 73, 1, 15, '22.07.2014 23:03:35', 6),
(3353, 1, 74, 4, 15, '22.07.2014 23:03:35', 6),
(3354, 1, 75, 4, 15, '22.07.2014 23:03:35', 6),
(3355, 1, 76, 1, 15, '22.07.2014 23:03:35', 6),
(3356, 1, 77, 6, 15, '22.07.2014 23:03:35', 6),
(3357, 1, 78, 3, 15, '22.07.2014 23:03:35', 6),
(3358, 1, 79, 4, 15, '22.07.2014 23:03:35', 6),
(3359, 1, 80, 9, 15, '22.07.2014 23:03:35', 6),
(3360, 1, 81, 1, 15, '22.07.2014 23:03:35', 6),
(3361, 1, 82, 5, 15, '22.07.2014 23:03:35', 6),
(3362, 1, 83, 8, 15, '22.07.2014 23:03:35', 6),
(3363, 1, 84, 4, 15, '22.07.2014 23:03:35', 6),
(3364, 1, 85, 3, 15, '22.07.2014 23:03:35', 6),
(3365, 1, 86, 3, 15, '22.07.2014 23:03:35', 6),
(3366, 1, 87, 0, 15, '22.07.2014 23:03:35', 6),
(3367, 1, 88, 5, 15, '22.07.2014 23:03:35', 6),
(3368, 1, 89, 5, 15, '22.07.2014 23:03:35', 6),
(3369, 1, 90, 2, 15, '22.07.2014 23:03:35', 6),
(3370, 1, 91, 2, 15, '22.07.2014 23:03:35', 6),
(3371, 1, 92, 8, 15, '22.07.2014 23:03:35', 6),
(3372, 1, 93, 5, 15, '22.07.2014 23:03:35', 6),
(3373, 1, 94, 6, 15, '22.07.2014 23:03:35', 6),
(3374, 1, 95, 1, 15, '22.07.2014 23:03:35', 6),
(3375, 1, 96, 2, 15, '22.07.2014 23:03:35', 6),
(3376, 1, 97, 9, 15, '22.07.2014 23:03:35', 6),
(3377, 1, 98, 9, 15, '22.07.2014 23:03:35', 6),
(3378, 1, 99, 6, 15, '22.07.2014 23:03:35', 6),
(3379, 1, 100, 4, 15, '22.07.2014 23:03:35', 6),
(3380, 1, 101, 0, 15, '22.07.2014 23:03:35', 6),
(3381, 1, 102, 7, 15, '22.07.2014 23:03:35', 6),
(3382, 1, 103, 8, 15, '22.07.2014 23:03:35', 6),
(3383, 1, 104, 3, 15, '22.07.2014 23:03:35', 6),
(3384, 1, 105, 2, 15, '22.07.2014 23:03:35', 6),
(3385, 1, 106, 1, 15, '22.07.2014 23:03:35', 6),
(3386, 1, 107, 10, 15, '22.07.2014 23:03:35', 6),
(3387, 1, 108, 2, 15, '22.07.2014 23:03:35', 6),
(3388, 1, 109, 0, 15, '22.07.2014 23:03:35', 6),
(3389, 1, 110, 3, 15, '22.07.2014 23:03:35', 6),
(3390, 1, 111, 3, 15, '22.07.2014 23:03:35', 6),
(3391, 1, 112, 5, 15, '22.07.2014 23:03:35', 6),
(3392, 1, 113, 2, 15, '22.07.2014 23:03:35', 6),
(3393, 1, 114, 7, 15, '22.07.2014 23:03:35', 6),
(3394, 1, 115, 7, 15, '22.07.2014 23:03:35', 6),
(3395, 1, 116, 8, 15, '22.07.2014 23:03:35', 6),
(3396, 1, 117, 9, 15, '22.07.2014 23:03:35', 6),
(3397, 1, 118, 9, 15, '22.07.2014 23:03:35', 6),
(3398, 1, 119, 8, 15, '22.07.2014 23:03:35', 6),
(3399, 1, 120, 9, 15, '22.07.2014 23:03:35', 6),
(3400, 1, 121, 8, 15, '22.07.2014 23:03:35', 6),
(3401, 1, 70, 4, 15, '23.07.2014 23:03:35', 6),
(3402, 1, 71, 9, 15, '23.07.2014 23:03:35', 6),
(3403, 1, 72, 1, 15, '23.07.2014 23:03:35', 6),
(3404, 1, 73, 6, 15, '23.07.2014 23:03:35', 6),
(3405, 1, 74, 2, 15, '23.07.2014 23:03:35', 6),
(3406, 1, 75, 10, 15, '23.07.2014 23:03:36', 6),
(3407, 1, 76, 10, 15, '23.07.2014 23:03:36', 6),
(3408, 1, 77, 1, 15, '23.07.2014 23:03:36', 6),
(3409, 1, 78, 0, 15, '23.07.2014 23:03:36', 6),
(3410, 1, 79, 9, 15, '23.07.2014 23:03:36', 6),
(3411, 1, 80, 6, 15, '23.07.2014 23:03:36', 6),
(3412, 1, 81, 3, 15, '23.07.2014 23:03:36', 6),
(3413, 1, 82, 4, 15, '23.07.2014 23:03:36', 6),
(3414, 1, 83, 6, 15, '23.07.2014 23:03:36', 6),
(3415, 1, 84, 1, 15, '23.07.2014 23:03:36', 6),
(3416, 1, 85, 2, 15, '23.07.2014 23:03:36', 6),
(3417, 1, 86, 0, 15, '23.07.2014 23:03:36', 6),
(3418, 1, 87, 2, 15, '23.07.2014 23:03:36', 6),
(3419, 1, 88, 1, 15, '23.07.2014 23:03:36', 6),
(3420, 1, 89, 7, 15, '23.07.2014 23:03:36', 6),
(3421, 1, 90, 7, 15, '23.07.2014 23:03:36', 6),
(3422, 1, 91, 0, 15, '23.07.2014 23:03:36', 6),
(3423, 1, 92, 9, 15, '23.07.2014 23:03:36', 6),
(3424, 1, 93, 3, 15, '23.07.2014 23:03:36', 6),
(3425, 1, 94, 0, 15, '23.07.2014 23:03:36', 6),
(3426, 1, 95, 8, 15, '23.07.2014 23:03:36', 6),
(3427, 1, 96, 10, 15, '23.07.2014 23:03:36', 6),
(3428, 1, 97, 0, 15, '23.07.2014 23:03:36', 6),
(3429, 1, 98, 1, 15, '23.07.2014 23:03:36', 6),
(3430, 1, 99, 7, 15, '23.07.2014 23:03:36', 6),
(3431, 1, 100, 10, 15, '23.07.2014 23:03:36', 6),
(3432, 1, 101, 9, 15, '23.07.2014 23:03:36', 6),
(3433, 1, 102, 0, 15, '23.07.2014 23:03:36', 6),
(3434, 1, 103, 2, 15, '23.07.2014 23:03:36', 6),
(3435, 1, 104, 9, 15, '23.07.2014 23:03:36', 6),
(3436, 1, 105, 5, 15, '23.07.2014 23:03:36', 6),
(3437, 1, 106, 5, 15, '23.07.2014 23:03:36', 6),
(3438, 1, 107, 1, 15, '23.07.2014 23:03:36', 6),
(3439, 1, 108, 8, 15, '23.07.2014 23:03:36', 6),
(3440, 1, 109, 2, 15, '23.07.2014 23:03:36', 6),
(3441, 1, 110, 7, 15, '23.07.2014 23:03:36', 6),
(3442, 1, 111, 5, 15, '23.07.2014 23:03:36', 6),
(3443, 1, 112, 0, 15, '23.07.2014 23:03:36', 6),
(3444, 1, 113, 0, 15, '23.07.2014 23:03:36', 6),
(3445, 1, 114, 2, 15, '23.07.2014 23:03:36', 6),
(3446, 1, 115, 5, 15, '23.07.2014 23:03:36', 6),
(3447, 1, 116, 6, 15, '23.07.2014 23:03:36', 6),
(3448, 1, 117, 2, 15, '23.07.2014 23:03:36', 6),
(3449, 1, 118, 4, 15, '23.07.2014 23:03:36', 6),
(3450, 1, 119, 9, 15, '23.07.2014 23:03:36', 6),
(3451, 1, 120, 2, 15, '23.07.2014 23:03:36', 6),
(3452, 1, 121, 8, 15, '23.07.2014 23:03:36', 6),
(3453, 1, 70, 10, 15, '24.07.2014 23:03:36', 6),
(3454, 1, 71, 1, 15, '24.07.2014 23:03:36', 6),
(3455, 1, 72, 4, 15, '24.07.2014 23:03:36', 6),
(3456, 1, 73, 5, 15, '24.07.2014 23:03:36', 6),
(3457, 1, 74, 3, 15, '24.07.2014 23:03:36', 6),
(3458, 1, 75, 8, 15, '24.07.2014 23:03:36', 6),
(3459, 1, 76, 5, 15, '24.07.2014 23:03:36', 6),
(3460, 1, 77, 7, 15, '24.07.2014 23:03:36', 6),
(3461, 1, 78, 5, 15, '24.07.2014 23:03:36', 6),
(3462, 1, 79, 9, 15, '24.07.2014 23:03:36', 6),
(3463, 1, 80, 6, 15, '24.07.2014 23:03:36', 6),
(3464, 1, 81, 8, 15, '24.07.2014 23:03:36', 6),
(3465, 1, 82, 5, 15, '24.07.2014 23:03:36', 6),
(3466, 1, 83, 3, 15, '24.07.2014 23:03:36', 6),
(3467, 1, 84, 0, 15, '24.07.2014 23:03:36', 6),
(3468, 1, 85, 5, 15, '24.07.2014 23:03:36', 6),
(3469, 1, 86, 0, 15, '24.07.2014 23:03:36', 6),
(3470, 1, 87, 7, 15, '24.07.2014 23:03:36', 6),
(3471, 1, 88, 10, 15, '24.07.2014 23:03:36', 6),
(3472, 1, 89, 6, 15, '24.07.2014 23:03:36', 6),
(3473, 1, 90, 1, 15, '24.07.2014 23:03:36', 6),
(3474, 1, 91, 8, 15, '24.07.2014 23:03:36', 6),
(3475, 1, 92, 1, 15, '24.07.2014 23:03:36', 6),
(3476, 1, 93, 4, 15, '24.07.2014 23:03:36', 6),
(3477, 1, 94, 7, 15, '24.07.2014 23:03:36', 6),
(3478, 1, 95, 8, 15, '24.07.2014 23:03:36', 6),
(3479, 1, 96, 4, 15, '24.07.2014 23:03:36', 6),
(3480, 1, 97, 2, 15, '24.07.2014 23:03:36', 6),
(3481, 1, 98, 2, 15, '24.07.2014 23:03:37', 6),
(3482, 1, 99, 7, 15, '24.07.2014 23:03:37', 6),
(3483, 1, 100, 6, 15, '24.07.2014 23:03:37', 6),
(3484, 1, 101, 3, 15, '24.07.2014 23:03:37', 6),
(3485, 1, 102, 9, 15, '24.07.2014 23:03:37', 6),
(3486, 1, 103, 1, 15, '24.07.2014 23:03:37', 6),
(3487, 1, 104, 2, 15, '24.07.2014 23:03:37', 6),
(3488, 1, 105, 2, 15, '24.07.2014 23:03:37', 6),
(3489, 1, 106, 1, 15, '24.07.2014 23:03:37', 6),
(3490, 1, 107, 0, 15, '24.07.2014 23:03:37', 6),
(3491, 1, 108, 4, 15, '24.07.2014 23:03:37', 6),
(3492, 1, 109, 10, 15, '24.07.2014 23:03:37', 6),
(3493, 1, 110, 8, 15, '24.07.2014 23:03:37', 6),
(3494, 1, 111, 3, 15, '24.07.2014 23:03:37', 6),
(3495, 1, 112, 3, 15, '24.07.2014 23:03:37', 6),
(3496, 1, 113, 0, 15, '24.07.2014 23:03:37', 6),
(3497, 1, 114, 0, 15, '24.07.2014 23:03:37', 6),
(3498, 1, 115, 10, 15, '24.07.2014 23:03:37', 6),
(3499, 1, 116, 0, 15, '24.07.2014 23:03:37', 6),
(3500, 1, 117, 3, 15, '24.07.2014 23:03:37', 6),
(3501, 1, 118, 2, 15, '24.07.2014 23:03:37', 6),
(3502, 1, 119, 8, 15, '24.07.2014 23:03:37', 6),
(3503, 1, 120, 2, 15, '24.07.2014 23:03:37', 6),
(3504, 1, 121, 8, 15, '24.07.2014 23:03:37', 6),
(3505, 1, 70, 10, 15, '25.07.2014 23:03:37', 6),
(3506, 1, 71, 6, 15, '25.07.2014 23:03:37', 6),
(3507, 1, 72, 2, 15, '25.07.2014 23:03:37', 6),
(3508, 1, 73, 4, 15, '25.07.2014 23:03:37', 6),
(3509, 1, 74, 3, 15, '25.07.2014 23:03:37', 6),
(3510, 1, 75, 1, 15, '25.07.2014 23:03:37', 6),
(3511, 1, 76, 3, 15, '25.07.2014 23:03:37', 6),
(3512, 1, 77, 3, 15, '25.07.2014 23:03:37', 6),
(3513, 1, 78, 10, 15, '25.07.2014 23:03:37', 6),
(3514, 1, 79, 0, 15, '25.07.2014 23:03:37', 6),
(3515, 1, 80, 4, 15, '25.07.2014 23:03:37', 6),
(3516, 1, 81, 8, 15, '25.07.2014 23:03:37', 6),
(3517, 1, 82, 10, 15, '25.07.2014 23:03:37', 6),
(3518, 1, 83, 0, 15, '25.07.2014 23:03:37', 6),
(3519, 1, 84, 5, 15, '25.07.2014 23:03:37', 6),
(3520, 1, 85, 4, 15, '25.07.2014 23:03:37', 6),
(3521, 1, 86, 6, 15, '25.07.2014 23:03:37', 6),
(3522, 1, 87, 8, 15, '25.07.2014 23:03:37', 6),
(3523, 1, 88, 6, 15, '25.07.2014 23:03:37', 6),
(3524, 1, 89, 8, 15, '25.07.2014 23:03:37', 6),
(3525, 1, 90, 10, 15, '25.07.2014 23:03:37', 6),
(3526, 1, 91, 6, 15, '25.07.2014 23:03:37', 6),
(3527, 1, 92, 0, 15, '25.07.2014 23:03:37', 6),
(3528, 1, 93, 7, 15, '25.07.2014 23:03:37', 6),
(3529, 1, 94, 1, 15, '25.07.2014 23:03:37', 6),
(3530, 1, 95, 9, 15, '25.07.2014 23:03:37', 6),
(3531, 1, 96, 1, 15, '25.07.2014 23:03:37', 6),
(3532, 1, 97, 1, 15, '25.07.2014 23:03:37', 6),
(3533, 1, 98, 2, 15, '25.07.2014 23:03:37', 6),
(3534, 1, 99, 2, 15, '25.07.2014 23:03:37', 6),
(3535, 1, 100, 10, 15, '25.07.2014 23:03:37', 6),
(3536, 1, 101, 1, 15, '25.07.2014 23:03:37', 6),
(3537, 1, 102, 7, 15, '25.07.2014 23:03:37', 6),
(3538, 1, 103, 4, 15, '25.07.2014 23:03:37', 6),
(3539, 1, 104, 0, 15, '25.07.2014 23:03:37', 6),
(3540, 1, 105, 1, 15, '25.07.2014 23:03:37', 6),
(3541, 1, 106, 0, 15, '25.07.2014 23:03:37', 6),
(3542, 1, 107, 2, 15, '25.07.2014 23:03:37', 6),
(3543, 1, 108, 6, 15, '25.07.2014 23:03:37', 6),
(3544, 1, 109, 0, 15, '25.07.2014 23:03:37', 6),
(3545, 1, 110, 6, 15, '25.07.2014 23:03:37', 6),
(3546, 1, 111, 2, 15, '25.07.2014 23:03:37', 6),
(3547, 1, 112, 6, 15, '25.07.2014 23:03:37', 6),
(3548, 1, 113, 9, 15, '25.07.2014 23:03:37', 6),
(3549, 1, 114, 7, 15, '25.07.2014 23:03:37', 6),
(3550, 1, 115, 5, 15, '25.07.2014 23:03:37', 6),
(3551, 1, 116, 8, 15, '25.07.2014 23:03:37', 6),
(3552, 1, 117, 2, 15, '25.07.2014 23:03:37', 6),
(3553, 1, 118, 5, 15, '25.07.2014 23:03:37', 6),
(3554, 1, 119, 7, 15, '25.07.2014 23:03:37', 6),
(3555, 1, 120, 8, 15, '25.07.2014 23:03:37', 6),
(3556, 1, 121, 4, 15, '25.07.2014 23:03:37', 6),
(3557, 1, 71, 20, 65, '20.07.2014', 6),
(3558, 1, 72, 30, 65, '23.07.2014', 6),
(3559, 1, 73, 30, 65, '20.07.2014', 6),
(3560, 1, 74, 10, 65, '13.07.2014', 6),
(3561, 1, 75, 10, 65, '18.07.2014', 6),
(3562, 1, 76, 10, 65, '17.07.2014', 6),
(3563, 1, 77, 10, 65, '24.07.2014', 6),
(3564, 1, 78, 20, 65, '13.07.2014', 6),
(3565, 1, 79, 20, 65, '20.07.2014', 6),
(3566, 1, 80, 30, 65, '16.07.2014', 6),
(3567, 1, 81, 20, 65, '20.07.2014', 6),
(3568, 1, 83, 10, 65, '20.07.2014', 6),
(3569, 1, 84, 10, 65, '22.07.2014', 6),
(3570, 1, 85, 30, 65, '21.07.2014', 6),
(3571, 1, 87, 10, 65, '22.07.2014', 6),
(3572, 1, 88, 20, 65, '24.07.2014', 6),
(3573, 1, 90, 10, 65, '17.07.2014', 6),
(3574, 1, 91, 30, 65, '13.07.2014', 6),
(3575, 1, 93, 20, 65, '19.07.2014', 6),
(3576, 1, 94, 20, 65, '14.07.2014', 6),
(3577, 1, 95, 30, 65, '19.07.2014', 6),
(3578, 1, 99, 30, 65, '24.07.2014', 6),
(3579, 1, 100, 30, 65, '18.07.2014', 6),
(3580, 1, 102, 30, 65, '19.07.2014', 6),
(3581, 1, 103, 20, 65, '22.07.2014', 6),
(3582, 1, 104, 20, 65, '22.07.2014', 6),
(3583, 1, 105, 30, 65, '13.07.2014', 6),
(3584, 1, 106, 10, 65, '21.07.2014', 6),
(3585, 1, 107, 20, 65, '23.07.2014', 6),
(3586, 1, 108, 20, 65, '23.07.2014', 6),
(3587, 1, 110, 30, 65, '17.07.2014', 6),
(3588, 1, 114, 20, 65, '17.07.2014', 6),
(3589, 1, 115, 30, 65, '15.07.2014', 6),
(3590, 1, 116, 10, 65, '18.07.2014', 6),
(3591, 1, 118, 30, 65, '18.07.2014', 6),
(3592, 1, 120, 20, 65, '18.07.2014', 6),
(3593, 1, 121, 20, 65, '22.07.2014', 6),
(3594, 1, 70, 20, 65, '14.07.2014', 6),
(3595, 1, 72, 20, 65, '13.07.2014', 6),
(3596, 1, 73, 30, 65, '19.07.2014', 6),
(3597, 1, 74, 30, 65, '20.07.2014', 6),
(3598, 1, 75, 20, 65, '20.07.2014', 6),
(3599, 1, 76, 20, 65, '20.07.2014', 6),
(3600, 1, 77, 10, 65, '20.07.2014', 6),
(3601, 1, 80, 20, 65, '20.07.2014', 6),
(3602, 1, 82, 10, 65, '21.07.2014', 6),
(3603, 1, 84, 10, 65, '22.07.2014', 6),
(3604, 1, 87, 20, 65, '17.07.2014', 6),
(3605, 1, 88, 10, 65, '23.07.2014', 6),
(3606, 1, 90, 10, 65, '14.07.2014', 6),
(3607, 1, 91, 10, 65, '21.07.2014', 6),
(3608, 1, 92, 10, 65, '20.07.2014', 6),
(3609, 1, 93, 20, 65, '20.07.2014', 6),
(3610, 1, 94, 30, 65, '17.07.2014', 6),
(3611, 1, 96, 30, 65, '15.07.2014', 6),
(3612, 1, 97, 20, 65, '16.07.2014', 6),
(3613, 1, 99, 10, 65, '15.07.2014', 6),
(3614, 1, 102, 20, 65, '18.07.2014', 6),
(3615, 1, 103, 20, 65, '17.07.2014', 6),
(3616, 1, 104, 10, 65, '20.07.2014', 6),
(3617, 1, 105, 10, 65, '19.07.2014', 6),
(3618, 1, 109, 20, 65, '15.07.2014', 6),
(3619, 1, 110, 30, 65, '14.07.2014', 6),
(3620, 1, 111, 10, 65, '24.07.2014', 6),
(3621, 1, 113, 30, 65, '24.07.2014', 6),
(3622, 1, 115, 20, 65, '18.07.2014', 6),
(3623, 1, 117, 10, 65, '24.07.2014', 6),
(3624, 1, 118, 10, 65, '18.07.2014', 6),
(3625, 1, 120, 20, 65, '16.07.2014', 6),
(3626, 1, 121, 30, 65, '17.07.2014', 6),
(3627, 1, 70, 40, 65, '23.07.2014 23:42:01', 6),
(3628, 1, 71, 50, 65, '22.07.2014 23:42:01', 6),
(3629, 1, 74, 50, 65, '17.07.2014 23:42:01', 6),
(3630, 1, 76, 20, 65, '13.07.2014 23:42:02', 6),
(3631, 1, 77, 30, 65, '23.07.2014 23:42:02', 6),
(3632, 1, 78, 50, 65, '16.07.2014 23:42:02', 6),
(3633, 1, 81, 40, 65, '15.07.2014 23:42:02', 6),
(3634, 1, 82, 40, 65, '25.07.2014 23:42:02', 6),
(3635, 1, 86, 40, 65, '21.07.2014 23:42:02', 6),
(3636, 1, 87, 20, 65, '22.07.2014 23:42:02', 6),
(3637, 1, 90, 20, 65, '19.07.2014 23:42:02', 6),
(3638, 1, 93, 20, 65, '20.07.2014 23:42:02', 6),
(3639, 1, 94, 50, 65, '17.07.2014 23:42:02', 6),
(3640, 1, 99, 40, 65, '15.07.2014 23:42:02', 6),
(3641, 1, 100, 50, 65, '14.07.2014 23:42:02', 6),
(3642, 1, 101, 20, 65, '24.07.2014 23:42:02', 6),
(3643, 1, 102, 30, 65, '20.07.2014 23:42:02', 6),
(3644, 1, 105, 20, 65, '25.07.2014 23:42:02', 6),
(3645, 1, 108, 20, 65, '20.07.2014 23:42:02', 6),
(3646, 1, 109, 30, 65, '14.07.2014 23:42:02', 6),
(3647, 1, 110, 30, 65, '18.07.2014 23:42:02', 6),
(3648, 1, 112, 40, 65, '21.07.2014 23:42:02', 6),
(3649, 1, 114, 40, 65, '15.07.2014 23:42:02', 6),
(3650, 1, 116, 40, 65, '19.07.2014 23:42:02', 6),
(3651, 1, 117, 20, 65, '20.07.2014 23:42:02', 6),
(3652, 1, 83, 50, 65, '22.07.2014 23:42:05', 6),
(3653, 1, 86, 20, 65, '20.07.2014 23:42:05', 6),
(3654, 1, 87, 40, 65, '23.07.2014 23:42:05', 6),
(3655, 1, 92, 40, 65, '16.07.2014 23:42:05', 6),
(3656, 1, 93, 20, 65, '25.07.2014 23:42:06', 6),
(3657, 1, 94, 20, 65, '17.07.2014 23:42:06', 6),
(3658, 1, 98, 30, 65, '24.07.2014 23:42:06', 6),
(3659, 1, 99, 50, 65, '16.07.2014 23:42:06', 6),
(3660, 1, 100, 50, 65, '15.07.2014 23:42:06', 6),
(3661, 1, 105, 20, 65, '14.07.2014 23:42:06', 6),
(3662, 1, 106, 50, 65, '14.07.2014 23:42:06', 6),
(3663, 1, 107, 50, 65, '25.07.2014 23:42:06', 6),
(3664, 1, 108, 20, 65, '25.07.2014 23:42:06', 6),
(3665, 1, 110, 40, 65, '23.07.2014 23:42:06', 6),
(3666, 1, 111, 30, 65, '17.07.2014 23:42:06', 6),
(3667, 1, 117, 30, 65, '25.07.2014 23:42:06', 6),
(3668, 1, 118, 30, 65, '20.07.2014 23:42:06', 6),
(3669, 1, 120, 30, 65, '22.07.2014 23:42:06', 6),
(3670, 1, 74, 40, 65, '18.07.2014 23:42:16', 6),
(3671, 1, 85, 40, 65, '16.07.2014 23:42:16', 6),
(3672, 1, 86, 40, 65, '14.07.2014 23:42:16', 6),
(3673, 1, 91, 40, 65, '15.07.2014 23:42:16', 6),
(3674, 1, 96, 50, 65, '15.07.2014 23:42:16', 6),
(3675, 1, 105, 40, 65, '19.07.2014 23:42:16', 6),
(3676, 1, 108, 40, 65, '19.07.2014 23:42:16', 6),
(3677, 1, 110, 30, 65, '24.07.2014 23:42:16', 6),
(3678, 1, 119, 50, 65, '25.07.2014 23:42:16', 6),
(3679, 1, 78, 50, 65, '15.07.2014 23:42:18', 6),
(3680, 1, 79, 40, 65, '22.07.2014 23:42:18', 6);
INSERT INTO `points_child` (`id`, `active`, `childId`, `points`, `game`, `date`, `camp`) VALUES
(3681, 1, 80, 40, 65, '17.07.2014 23:42:18', 6),
(3682, 1, 87, 40, 65, '14.07.2014 23:42:18', 6),
(3683, 1, 89, 50, 65, '14.07.2014 23:42:18', 6),
(3684, 1, 98, 30, 65, '22.07.2014 23:42:18', 6),
(3685, 1, 99, 40, 65, '13.07.2014 23:42:18', 6),
(3686, 1, 101, 30, 65, '21.07.2014 23:42:18', 6),
(3687, 1, 103, 50, 65, '19.07.2014 23:42:18', 6),
(3688, 1, 108, 40, 65, '19.07.2014 23:42:18', 6),
(3689, 1, 121, 50, 3, '19.07.2014 14:14:40', 6),
(3690, 1, 75, 40, 3, '19.07.2014 14:14:40', 6),
(3691, 1, 88, 30, 3, '19.07.2014 14:14:40', 6),
(3692, 1, 87, 50, 3, '19.07.2014 14:14:40', 6),
(3693, 1, 92, 40, 3, '19.07.2014 14:14:40', 6),
(3694, 1, 112, 30, 3, '19.07.2014 14:14:40', 6),
(3695, 1, 120, 50, 3, '19.07.2014 14:14:40', 6),
(3696, 1, 74, 40, 3, '19.07.2014 14:14:40', 6),
(3697, 1, 82, 30, 3, '19.07.2014 14:14:40', 6),
(3698, 1, 106, 50, 3, '19.07.2014 14:14:40', 6),
(3699, 1, 95, 40, 3, '19.07.2014 14:14:40', 6),
(3700, 1, 84, 30, 3, '19.07.2014 14:14:40', 6),
(3701, 1, 90, 50, 3, '19.07.2014 14:14:40', 6),
(3702, 1, 119, 40, 3, '19.07.2014 14:14:40', 6),
(3703, 1, 76, 30, 3, '19.07.2014 14:14:40', 6),
(3704, 1, 79, 50, 3, '19.07.2014 14:14:40', 6),
(3705, 1, 103, 40, 3, '19.07.2014 14:14:40', 6),
(3706, 1, 94, 30, 3, '19.07.2014 14:14:40', 6),
(4536, 1, 139, 20, 65, '24.07.2012 14:37:07', 4),
(4537, 1, 140, 20, 65, '25.07.2012 14:37:07', 4),
(4538, 1, 141, 10, 65, '21.07.2012 14:37:07', 4),
(4539, 1, 142, 10, 65, '24.07.2012 14:37:07', 4),
(4540, 1, 143, 30, 65, '15.07.2012 14:37:07', 4),
(4541, 1, 144, 30, 65, '21.07.2012 14:37:07', 4),
(4542, 1, 145, 20, 65, '24.07.2012 14:37:07', 4),
(4543, 1, 146, 20, 65, '20.07.2012 14:37:07', 4),
(4544, 1, 148, 30, 65, '18.07.2012 14:37:08', 4),
(4545, 1, 96, 20, 65, '20.07.2012 14:37:08', 4),
(4546, 1, 93, 20, 65, '20.07.2012 14:37:08', 4),
(4547, 1, 108, 10, 65, '18.07.2012 14:37:08', 4),
(4548, 1, 149, 30, 65, '26.07.2012 14:37:08', 4),
(4549, 1, 150, 30, 65, '17.07.2012 14:37:08', 4),
(4550, 1, 152, 20, 65, '26.07.2012 14:37:08', 4),
(4551, 1, 153, 30, 65, '20.07.2012 14:37:08', 4),
(4552, 1, 154, 30, 65, '16.07.2012 14:37:08', 4),
(4553, 1, 156, 30, 65, '17.07.2012 14:37:08', 4),
(4554, 1, 157, 20, 65, '20.07.2012 14:37:08', 4),
(4555, 1, 158, 30, 65, '27.07.2012 14:37:08', 4),
(4556, 1, 99, 20, 65, '21.07.2012 14:37:08', 4),
(4557, 1, 77, 30, 65, '20.07.2012 14:37:08', 4),
(4558, 1, 160, 10, 65, '27.07.2012 14:37:08', 4),
(4559, 1, 161, 10, 65, '26.07.2012 14:37:08', 4),
(4560, 1, 162, 30, 65, '26.07.2012 14:37:08', 4),
(4561, 1, 163, 30, 65, '20.07.2012 14:37:08', 4),
(4562, 1, 164, 10, 65, '25.07.2012 14:37:08', 4),
(4563, 1, 165, 30, 65, '16.07.2012 14:37:08', 4),
(4564, 1, 166, 20, 65, '21.07.2012 14:37:08', 4),
(4565, 1, 167, 30, 65, '18.07.2012 14:37:08', 4),
(4566, 1, 168, 20, 65, '21.07.2012 14:37:08', 4),
(4567, 1, 169, 20, 65, '19.07.2012 14:37:08', 4),
(4568, 1, 170, 30, 65, '26.07.2012 14:37:08', 4),
(4569, 1, 125, 30, 65, '25.07.2012 14:37:08', 4),
(4570, 1, 171, 30, 65, '26.07.2012 14:37:08', 4),
(4571, 1, 140, 20, 65, '25.07.2012 14:37:11', 4),
(4572, 1, 141, 30, 65, '18.07.2012 14:37:11', 4),
(4573, 1, 142, 20, 65, '15.07.2012 14:37:11', 4),
(4574, 1, 143, 10, 65, '22.07.2012 14:37:11', 4),
(4575, 1, 146, 10, 65, '19.07.2012 14:37:11', 4),
(4576, 1, 148, 30, 65, '22.07.2012 14:37:11', 4),
(4577, 1, 93, 10, 65, '26.07.2012 14:37:11', 4),
(4578, 1, 108, 20, 65, '17.07.2012 14:37:11', 4),
(4579, 1, 149, 10, 65, '21.07.2012 14:37:11', 4),
(4580, 1, 150, 10, 65, '27.07.2012 14:37:11', 4),
(4581, 1, 151, 20, 65, '20.07.2012 14:37:11', 4),
(4582, 1, 152, 10, 65, '21.07.2012 14:37:11', 4),
(4583, 1, 154, 10, 65, '22.07.2012 14:37:11', 4),
(4584, 1, 155, 30, 65, '27.07.2012 14:37:11', 4),
(4585, 1, 156, 30, 65, '22.07.2012 14:37:11', 4),
(4586, 1, 103, 10, 65, '15.07.2012 14:37:11', 4),
(4587, 1, 99, 20, 65, '17.07.2012 14:37:11', 4),
(4588, 1, 160, 20, 65, '26.07.2012 14:37:11', 4),
(4589, 1, 162, 10, 65, '21.07.2012 14:37:11', 4),
(4590, 1, 163, 10, 65, '27.07.2012 14:37:11', 4),
(4591, 1, 164, 20, 65, '27.07.2012 14:37:11', 4),
(4592, 1, 165, 20, 65, '16.07.2012 14:37:11', 4),
(4593, 1, 166, 30, 65, '26.07.2012 14:37:11', 4),
(4594, 1, 167, 20, 65, '21.07.2012 14:37:11', 4),
(4595, 1, 168, 30, 65, '27.07.2012 14:37:11', 4),
(4596, 1, 125, 10, 65, '16.07.2012 14:37:11', 4),
(4597, 1, 171, 30, 65, '27.07.2012 14:37:11', 4),
(4598, 1, 140, 10, 65, '21.07.2012 14:37:23', 4),
(4599, 1, 142, 30, 65, '16.07.2012 14:37:23', 4),
(4600, 1, 147, 30, 65, '25.07.2012 14:37:23', 4),
(4601, 1, 148, 10, 65, '27.07.2012 14:37:23', 4),
(4602, 1, 96, 40, 65, '15.07.2012 14:37:23', 4),
(4603, 1, 108, 40, 65, '15.07.2012 14:37:23', 4),
(4604, 1, 149, 40, 65, '22.07.2012 14:37:23', 4),
(4605, 1, 150, 30, 65, '19.07.2012 14:37:23', 4),
(4606, 1, 151, 50, 65, '17.07.2012 14:37:23', 4),
(4607, 1, 152, 10, 65, '18.07.2012 14:37:23', 4),
(4608, 1, 153, 20, 65, '23.07.2012 14:37:23', 4),
(4609, 1, 155, 20, 65, '25.07.2012 14:37:24', 4),
(4610, 1, 156, 40, 65, '17.07.2012 14:37:24', 4),
(4611, 1, 103, 40, 65, '20.07.2012 14:37:24', 4),
(4612, 1, 159, 20, 65, '21.07.2012 14:37:24', 4),
(4613, 1, 99, 50, 65, '22.07.2012 14:37:24', 4),
(4614, 1, 77, 30, 65, '18.07.2012 14:37:24', 4),
(4615, 1, 160, 30, 65, '20.07.2012 14:37:24', 4),
(4616, 1, 165, 50, 65, '20.07.2012 14:37:24', 4),
(4617, 1, 166, 30, 65, '19.07.2012 14:37:24', 4),
(4618, 1, 168, 20, 65, '20.07.2012 14:37:24', 4),
(4619, 1, 125, 40, 65, '25.07.2012 14:37:24', 4),
(4620, 1, 140, 20, 65, '25.07.2012 14:37:29', 4),
(4621, 1, 145, 30, 65, '21.07.2012 14:37:29', 4),
(4622, 1, 146, 30, 65, '27.07.2012 14:37:29', 4),
(4623, 1, 148, 30, 65, '26.07.2012 14:37:30', 4),
(4624, 1, 93, 10, 65, '20.07.2012 14:37:30', 4),
(4625, 1, 151, 10, 65, '20.07.2012 14:37:30', 4),
(4626, 1, 153, 40, 65, '24.07.2012 14:37:30', 4),
(4627, 1, 156, 10, 65, '15.07.2012 14:37:30', 4),
(4628, 1, 157, 20, 65, '22.07.2012 14:37:30', 4),
(4629, 1, 99, 20, 65, '19.07.2012 14:37:30', 4),
(4630, 1, 77, 50, 65, '22.07.2012 14:37:30', 4),
(4631, 1, 162, 30, 65, '19.07.2012 14:37:30', 4),
(4632, 1, 163, 30, 65, '27.07.2012 14:37:30', 4),
(4633, 1, 169, 20, 65, '21.07.2012 14:37:30', 4),
(4634, 1, 139, 50, 65, '21.07.2012 14:38:51', 4),
(4635, 1, 140, 20, 65, '21.07.2012 14:38:52', 4),
(4636, 1, 141, 40, 65, '24.07.2012 14:38:52', 4),
(4637, 1, 142, 20, 65, '23.07.2012 14:38:52', 4),
(4638, 1, 143, 20, 65, '15.07.2012 14:38:52', 4),
(4639, 1, 144, 40, 65, '24.07.2012 14:38:52', 4),
(4640, 1, 147, 30, 65, '20.07.2012 14:38:52', 4),
(4641, 1, 148, 30, 65, '24.07.2012 14:38:52', 4),
(4642, 1, 108, 20, 65, '24.07.2012 14:38:52', 4),
(4643, 1, 151, 30, 65, '27.07.2012 14:38:52', 4),
(4644, 1, 152, 30, 65, '23.07.2012 14:38:52', 4),
(4645, 1, 153, 40, 65, '18.07.2012 14:38:52', 4),
(4646, 1, 154, 30, 65, '24.07.2012 14:38:52', 4),
(4647, 1, 162, 20, 65, '24.07.2012 14:38:52', 4),
(4648, 1, 163, 30, 65, '26.07.2012 14:38:52', 4),
(4649, 1, 166, 40, 65, '21.07.2012 14:38:52', 4),
(4650, 1, 167, 50, 65, '19.07.2012 14:38:52', 4),
(4651, 1, 168, 30, 65, '20.07.2012 14:38:52', 4),
(4652, 1, 169, 40, 65, '22.07.2012 14:38:52', 4),
(4653, 1, 125, 20, 65, '17.07.2012 14:38:52', 4),
(4654, 1, 77, 10, 65, '21.07.2013 17:18:10', 5),
(4655, 1, 99, 30, 65, '19.07.2013 17:18:10', 5),
(4656, 1, 80, 30, 65, '20.07.2013 17:18:10', 5),
(4657, 1, 70, 30, 65, '24.07.2013 17:18:10', 5),
(4658, 1, 78, 30, 65, '16.07.2013 17:18:10', 5),
(4659, 1, 91, 20, 65, '25.07.2013 17:18:10', 5),
(4660, 1, 118, 10, 65, '21.07.2013 17:18:10', 5),
(4661, 1, 122, 20, 65, '21.07.2013 17:18:10', 5),
(4662, 1, 76, 10, 65, '21.07.2013 17:18:10', 5),
(4663, 1, 89, 30, 65, '16.07.2013 17:18:10', 5),
(4664, 1, 90, 20, 65, '16.07.2013 17:18:10', 5),
(4665, 1, 94, 30, 65, '25.07.2013 17:18:10', 5),
(4666, 1, 124, 30, 65, '26.07.2013 17:18:10', 5),
(4667, 1, 108, 10, 65, '25.07.2013 17:18:10', 5),
(4668, 1, 126, 30, 65, '24.07.2013 17:18:10', 5),
(4669, 1, 105, 20, 65, '15.07.2013 17:18:10', 5),
(4670, 1, 104, 30, 65, '26.07.2013 17:18:10', 5),
(4671, 1, 127, 20, 65, '16.07.2013 17:18:10', 5),
(4672, 1, 71, 20, 65, '17.07.2013 17:18:10', 5),
(4673, 1, 128, 10, 65, '19.07.2013 17:18:10', 5),
(4674, 1, 129, 10, 65, '21.07.2013 17:18:10', 5),
(4675, 1, 107, 30, 65, '21.07.2013 17:18:10', 5),
(4676, 1, 130, 30, 65, '24.07.2013 17:18:10', 5),
(4677, 1, 131, 30, 65, '24.07.2013 17:18:10', 5),
(4678, 1, 133, 20, 65, '23.07.2013 17:18:10', 5),
(4679, 1, 114, 30, 65, '15.07.2013 17:18:10', 5),
(4680, 1, 109, 20, 65, '21.07.2013 17:18:10', 5),
(4681, 1, 134, 30, 65, '25.07.2013 17:18:10', 5),
(4682, 1, 103, 10, 65, '21.07.2013 17:18:10', 5),
(4683, 1, 85, 20, 65, '15.07.2013 17:18:10', 5),
(4684, 1, 135, 10, 65, '23.07.2013 17:18:10', 5),
(4685, 1, 97, 20, 65, '19.07.2013 17:18:10', 5),
(4686, 1, 98, 30, 65, '26.07.2013 17:18:10', 5),
(4687, 1, 136, 10, 65, '22.07.2013 17:18:10', 5),
(4688, 1, 137, 30, 65, '23.07.2013 17:18:10', 5),
(4689, 1, 138, 20, 65, '23.07.2013 17:18:10', 5),
(4690, 1, 93, 10, 65, '24.07.2013 17:18:10', 5),
(4691, 1, 77, 10, 65, '23.07.2013 17:18:11', 5),
(4692, 1, 80, 30, 65, '22.07.2013 17:18:11', 5),
(4693, 1, 70, 20, 65, '23.07.2013 17:18:11', 5),
(4694, 1, 79, 30, 65, '19.07.2013 17:18:11', 5),
(4695, 1, 78, 30, 65, '24.07.2013 17:18:11', 5),
(4696, 1, 91, 30, 65, '15.07.2013 17:18:11', 5),
(4697, 1, 118, 20, 65, '26.07.2013 17:18:11', 5),
(4698, 1, 122, 10, 65, '20.07.2013 17:18:11', 5),
(4699, 1, 72, 20, 65, '16.07.2013 17:18:11', 5),
(4700, 1, 89, 20, 65, '15.07.2013 17:18:12', 5),
(4701, 1, 90, 10, 65, '16.07.2013 17:18:12', 5),
(4702, 1, 124, 30, 65, '20.07.2013 17:18:12', 5),
(4703, 1, 95, 10, 65, '16.07.2013 17:18:12', 5),
(4704, 1, 108, 10, 65, '15.07.2013 17:18:12', 5),
(4705, 1, 125, 30, 65, '26.07.2013 17:18:12', 5),
(4706, 1, 86, 30, 65, '20.07.2013 17:18:12', 5),
(4707, 1, 126, 20, 65, '23.07.2013 17:18:12', 5),
(4708, 1, 104, 30, 65, '23.07.2013 17:18:12', 5),
(4709, 1, 127, 30, 65, '16.07.2013 17:18:12', 5),
(4710, 1, 71, 20, 65, '18.07.2013 17:18:12', 5),
(4711, 1, 106, 20, 65, '19.07.2013 17:18:12', 5),
(4712, 1, 128, 20, 65, '25.07.2013 17:18:12', 5),
(4713, 1, 129, 30, 65, '26.07.2013 17:18:12', 5),
(4714, 1, 107, 30, 65, '15.07.2013 17:18:12', 5),
(4715, 1, 130, 30, 65, '26.07.2013 17:18:12', 5),
(4716, 1, 132, 20, 65, '24.07.2013 17:18:12', 5),
(4717, 1, 114, 20, 65, '25.07.2013 17:18:12', 5),
(4718, 1, 109, 10, 65, '25.07.2013 17:18:12', 5),
(4719, 1, 134, 30, 65, '18.07.2013 17:18:12', 5),
(4720, 1, 85, 30, 65, '19.07.2013 17:18:12', 5),
(4721, 1, 135, 10, 65, '17.07.2013 17:18:12', 5),
(4722, 1, 97, 30, 65, '17.07.2013 17:18:12', 5),
(4723, 1, 84, 30, 65, '18.07.2013 17:18:12', 5),
(4724, 1, 136, 10, 65, '18.07.2013 17:18:12', 5),
(4725, 1, 137, 20, 65, '15.07.2013 17:18:12', 5),
(4726, 1, 138, 30, 65, '26.07.2013 17:18:12', 5),
(4727, 1, 102, 30, 65, '21.07.2013 17:18:12', 5),
(4728, 1, 93, 20, 65, '17.07.2013 17:18:12', 5),
(4729, 1, 77, 20, 65, '25.07.2013 17:18:30', 5),
(4730, 1, 80, 50, 65, '20.07.2013 17:18:30', 5),
(4731, 1, 79, 40, 65, '15.07.2013 17:18:30', 5),
(4732, 1, 91, 30, 65, '15.07.2013 17:18:30', 5),
(4733, 1, 118, 50, 65, '19.07.2013 17:18:30', 5),
(4734, 1, 122, 50, 65, '20.07.2013 17:18:30', 5),
(4735, 1, 89, 10, 65, '22.07.2013 17:18:30', 5),
(4736, 1, 124, 30, 65, '23.07.2013 17:18:30', 5),
(4737, 1, 95, 20, 65, '24.07.2013 17:18:30', 5),
(4738, 1, 108, 20, 65, '17.07.2013 17:18:30', 5),
(4739, 1, 125, 10, 65, '25.07.2013 17:18:30', 5),
(4740, 1, 86, 10, 65, '23.07.2013 17:18:30', 5),
(4741, 1, 104, 20, 65, '20.07.2013 17:18:30', 5),
(4742, 1, 106, 30, 65, '18.07.2013 17:18:30', 5),
(4743, 1, 128, 40, 65, '26.07.2013 17:18:30', 5),
(4744, 1, 129, 40, 65, '15.07.2013 17:18:30', 5),
(4745, 1, 131, 10, 65, '21.07.2013 17:18:30', 5),
(4746, 1, 132, 40, 65, '24.07.2013 17:18:30', 5),
(4747, 1, 133, 30, 65, '25.07.2013 17:18:30', 5),
(4748, 1, 83, 10, 65, '15.07.2013 17:18:30', 5),
(4749, 1, 103, 30, 65, '22.07.2013 17:18:30', 5),
(4750, 1, 135, 40, 65, '21.07.2013 17:18:30', 5),
(4751, 1, 138, 10, 65, '19.07.2013 17:18:30', 5),
(4752, 1, 93, 30, 65, '23.07.2013 17:18:30', 5),
(4753, 1, 80, 50, 65, '22.07.2013 17:18:32', 5),
(4754, 1, 70, 30, 65, '24.07.2013 17:18:32', 5),
(4755, 1, 79, 50, 65, '17.07.2013 17:18:32', 5),
(4756, 1, 78, 30, 65, '24.07.2013 17:18:32', 5),
(4757, 1, 118, 30, 65, '25.07.2013 17:18:32', 5),
(4758, 1, 76, 10, 65, '18.07.2013 17:18:32', 5),
(4759, 1, 72, 10, 65, '17.07.2013 17:18:32', 5),
(4760, 1, 89, 30, 65, '19.07.2013 17:18:32', 5),
(4761, 1, 90, 10, 65, '16.07.2013 17:18:32', 5),
(4762, 1, 94, 20, 65, '22.07.2013 17:18:32', 5),
(4763, 1, 123, 50, 65, '16.07.2013 17:18:32', 5),
(4764, 1, 95, 30, 65, '16.07.2013 17:18:32', 5),
(4765, 1, 108, 10, 65, '23.07.2013 17:18:32', 5),
(4766, 1, 125, 30, 65, '17.07.2013 17:18:32', 5),
(4767, 1, 104, 30, 65, '21.07.2013 17:18:32', 5),
(4768, 1, 127, 40, 65, '24.07.2013 17:18:32', 5),
(4769, 1, 129, 20, 65, '18.07.2013 17:18:32', 5),
(4770, 1, 107, 40, 65, '26.07.2013 17:18:32', 5),
(4771, 1, 131, 10, 65, '22.07.2013 17:18:32', 5),
(4772, 1, 133, 40, 65, '17.07.2013 17:18:32', 5),
(4773, 1, 83, 30, 65, '25.07.2013 17:18:32', 5),
(4774, 1, 109, 10, 65, '22.07.2013 17:18:32', 5),
(4775, 1, 135, 40, 65, '25.07.2013 17:18:32', 5),
(4776, 1, 97, 10, 65, '16.07.2013 17:18:32', 5),
(4777, 1, 84, 50, 65, '20.07.2013 17:18:32', 5),
(4778, 1, 98, 30, 65, '15.07.2013 17:18:32', 5),
(4779, 1, 136, 40, 65, '22.07.2013 17:18:32', 5),
(4780, 1, 137, 30, 65, '26.07.2013 17:18:32', 5),
(4781, 1, 138, 20, 65, '17.07.2013 17:18:32', 5),
(4782, 1, 93, 10, 65, '22.07.2013 17:18:32', 5),
(4783, 1, 70, 40, 65, '26.07.2013 17:18:43', 5),
(4784, 1, 79, 50, 65, '18.07.2013 17:18:43', 5),
(4785, 1, 72, 20, 65, '19.07.2013 17:18:43', 5),
(4786, 1, 90, 40, 65, '22.07.2013 17:18:43', 5),
(4787, 1, 95, 20, 65, '18.07.2013 17:18:43', 5),
(4788, 1, 108, 40, 65, '26.07.2013 17:18:43', 5),
(4789, 1, 105, 20, 65, '17.07.2013 17:18:43', 5),
(4790, 1, 104, 50, 65, '16.07.2013 17:18:43', 5),
(4791, 1, 103, 50, 65, '17.07.2013 17:18:43', 5),
(4792, 1, 97, 50, 65, '16.07.2013 17:18:43', 5),
(4793, 1, 136, 20, 65, '16.07.2013 17:18:43', 5),
(4794, 1, 137, 50, 65, '16.07.2013 17:18:43', 5),
(4795, 1, 102, 30, 65, '22.07.2013 17:18:43', 5),
(4796, 1, 99, 40, 65, '22.07.2013 17:18:44', 5),
(4797, 1, 70, 40, 65, '21.07.2013 17:18:44', 5),
(4798, 1, 125, 20, 65, '19.07.2013 17:18:44', 5),
(4799, 1, 86, 30, 65, '16.07.2013 17:18:44', 5),
(4800, 1, 105, 30, 65, '24.07.2013 17:18:44', 5),
(4801, 1, 106, 50, 65, '16.07.2013 17:18:44', 5),
(4802, 1, 130, 40, 65, '23.07.2013 17:18:44', 5),
(4803, 1, 114, 40, 65, '23.07.2013 17:18:44', 5),
(4804, 1, 75, 50, 9, '02.05.2015 18:29:28', 6),
(4805, 1, 88, 40, 9, '02.05.2015 18:29:28', 6),
(4806, 1, 117, 30, 9, '02.05.2015 18:29:28', 6),
(4807, 1, 112, 50, 9, '02.05.2015 18:29:28', 6),
(4808, 1, 87, 40, 9, '02.05.2015 18:29:28', 6),
(4809, 1, 73, 30, 9, '02.05.2015 18:29:28', 6),
(4810, 1, 74, 50, 9, '02.05.2015 18:29:28', 6),
(4811, 1, 86, 40, 9, '02.05.2015 18:29:28', 6),
(4812, 1, 82, 30, 9, '02.05.2015 18:29:28', 6),
(4813, 1, 118, 50, 9, '02.05.2015 18:29:28', 6),
(4814, 1, 84, 40, 9, '02.05.2015 18:29:28', 6),
(4815, 1, 95, 30, 9, '02.05.2015 18:29:28', 6),
(4816, 1, 93, 50, 9, '02.05.2015 18:29:28', 6),
(4817, 1, 76, 40, 9, '02.05.2015 18:29:28', 6),
(4818, 1, 90, 30, 9, '02.05.2015 18:29:28', 6),
(4819, 1, 111, 50, 9, '02.05.2015 18:29:28', 6),
(4820, 1, 79, 40, 9, '02.05.2015 18:29:28', 6),
(4821, 1, 94, 30, 9, '02.05.2015 18:29:28', 6);

-- --------------------------------------------------------

--
-- Struktura tabulky `points_team`
--

CREATE TABLE IF NOT EXISTS `points_team` (
  `id` int(10) NOT NULL AUTO_INCREMENT,
  `active` tinyint(1) NOT NULL,
  `team` int(10) NOT NULL,
  `game` int(10) NOT NULL,
  `points` int(10) NOT NULL,
  `date` varchar(30) COLLATE utf8_czech_ci NOT NULL,
  `camp` int(10) NOT NULL,
  PRIMARY KEY (`id`),
  KEY `team` (`team`,`game`,`camp`),
  KEY `game` (`game`),
  KEY `camp` (`camp`)
) ENGINE=InnoDB  DEFAULT CHARSET=utf8 COLLATE=utf8_czech_ci AUTO_INCREMENT=8 ;

--
-- Vypisuji data pro tabulku `points_team`
--

INSERT INTO `points_team` (`id`, `active`, `team`, `game`, `points`, `date`, `camp`) VALUES
(1, 1, 2, 5, 200, '15.04.2015 17:28:17', 3),
(2, 1, 2, 5, 200, '15.04.2015 17:28:17', 3),
(3, 1, 2, 1, 0, '15.04.2015 17:30:24', 3),
(4, 1, 5, 4, 30, '15.04.2015 17:47:27', 3),
(5, 1, 3, 6, 200, '18.04.2015 12:54:50', 3),
(6, 1, 8, 16, 150, '21.07.2014 15:16:11', 6),
(7, 1, 9, 1, 80, '14.07.2014 15:48:04', 6);

-- --------------------------------------------------------

--
-- Struktura tabulky `race`
--

CREATE TABLE IF NOT EXISTS `race` (
  `id` int(10) NOT NULL AUTO_INCREMENT,
  `active` tinyint(1) NOT NULL,
  `game` int(10) NOT NULL,
  `date` varchar(30) COLLATE utf8_czech_ci NOT NULL,
  `state` tinyint(2) NOT NULL,
  `spacing` varchar(5) COLLATE utf8_czech_ci NOT NULL DEFAULT '02:00',
  `note` varchar(300) COLLATE utf8_czech_ci NOT NULL,
  `camp` int(10) NOT NULL,
  PRIMARY KEY (`id`),
  KEY `game` (`game`,`camp`),
  KEY `camp` (`camp`),
  KEY `state` (`state`)
) ENGINE=InnoDB  DEFAULT CHARSET=utf8 COLLATE=utf8_czech_ci AUTO_INCREMENT=43 ;

--
-- Vypisuji data pro tabulku `race`
--

INSERT INTO `race` (`id`, `active`, `game`, `date`, `state`, `spacing`, `note`, `camp`) VALUES
(26, 1, 4, '18.04.2015 16:42:37', 1, '02:00', 'První závod s daty', 3),
(27, 1, 3, '18.04.2015 23:25:17', 1, '02:00', 'Nový závod', 3),
(28, 1, 9, '20.04.2015 11:17:51', 3, '01:00', 'test', 3),
(29, 1, 4, '18.07.2014 12:57:36', 3, '01:00', '', 6),
(31, 1, 48, '20.07.2014 20:02:11', 3, '02:00', '', 6),
(32, 1, 3, '19.07.2014 14:14:40', 3, '01:00', '', 6),
(33, 1, 9, '21.07.2014 11:50:46', 3, '02:00', 'Dukelák', 6),
(34, 1, 13, '23.07.2014 12:24:17', 3, '01:00', 'test', 6),
(35, 1, 14, '16.07.2014 17:11:20', 3, '01:30', 'Test', 6),
(36, 1, 4, '16.07.2012 23:22:50', 3, '02:00', '', 4),
(37, 1, 3, '18.07.2012 23:26:20', 3, '02:00', '', 4),
(38, 1, 9, '19.07.2012 23:27:18', 3, '02:00', '', 4),
(39, 1, 14, '23.07.2012 23:28:43', 3, '02:00', '', 4),
(40, 1, 9, '21.07.2013 23:34:44', 3, '02:00', '', 5),
(41, 1, 3, '17.04.2013 23:35:39', 3, '00:30', '', 5),
(42, 1, 48, '16.07.2013 23:36:58', 3, '02:00', '', 5);

-- --------------------------------------------------------

--
-- Struktura tabulky `race_state`
--

CREATE TABLE IF NOT EXISTS `race_state` (
  `id` tinyint(2) NOT NULL AUTO_INCREMENT,
  `name` varchar(15) COLLATE utf8_czech_ci NOT NULL,
  PRIMARY KEY (`id`)
) ENGINE=InnoDB  DEFAULT CHARSET=utf8 COLLATE=utf8_czech_ci AUTO_INCREMENT=4 ;

--
-- Vypisuji data pro tabulku `race_state`
--

INSERT INTO `race_state` (`id`, `name`) VALUES
(1, 'Založený'),
(2, 'Odběhnutý'),
(3, 'Vyhodnocený');

-- --------------------------------------------------------

--
-- Struktura tabulky `results_team`
--

CREATE TABLE IF NOT EXISTS `results_team` (
  `id` int(10) NOT NULL AUTO_INCREMENT,
  `active` tinyint(1) NOT NULL,
  `team` int(10) NOT NULL,
  `game` int(10) NOT NULL,
  `rank` smallint(2) NOT NULL,
  `points` int(10) NOT NULL,
  `date` varchar(50) COLLATE utf8_czech_ci NOT NULL,
  `note` varchar(300) COLLATE utf8_czech_ci NOT NULL,
  `camp` int(10) NOT NULL,
  PRIMARY KEY (`id`),
  KEY `team` (`team`,`game`,`camp`),
  KEY `game` (`game`),
  KEY `camp` (`camp`)
) ENGINE=InnoDB  DEFAULT CHARSET=utf8 COLLATE=utf8_czech_ci AUTO_INCREMENT=149 ;

--
-- Vypisuji data pro tabulku `results_team`
--

INSERT INTO `results_team` (`id`, `active`, `team`, `game`, `rank`, `points`, `date`, `note`, `camp`) VALUES
(1, 1, 2, 7, 2, 300, '0000-00-00 00:00:00', 'testovací data', 3),
(2, 1, 3, 7, 3, 200, '0000-00-00 00:00:00', 'testovací data', 3),
(3, 1, 4, 7, 1, 400, '0000-00-00 00:00:00', 'testovací data', 3),
(4, 1, 5, 7, 4, 100, '0000-00-00 00:00:00', 'testovací data', 3),
(5, 1, 2, 8, 4, 100, '16.04.2015 16:42:34', '', 3),
(6, 1, 3, 8, 3, 200, '16.04.2015 16:42:34', '', 3),
(7, 1, 4, 8, 2, 300, '16.04.2015 16:42:34', '', 3),
(8, 1, 5, 8, 1, 400, '16.04.2015 16:42:34', '', 3),
(9, 1, 6, 10, 1, 800, '14.07.2014 21:14:40', '', 6),
(10, 1, 7, 10, 2, 700, '14.07.2014 21:14:40', '', 6),
(11, 1, 8, 10, 3, 600, '14.07.2014 21:14:40', '', 6),
(12, 1, 9, 10, 4, 500, '14.07.2014 21:14:40', '', 6),
(13, 1, 6, 63, 4, 500, '15.07.2014 21:14:40', '', 6),
(14, 1, 7, 63, 2, 700, '15.07.2014 21:14:40', '', 6),
(15, 1, 8, 63, 1, 800, '15.07.2014 21:14:40', '', 6),
(16, 1, 9, 63, 3, 600, '15.07.2014 21:14:40', '', 6),
(17, 1, 6, 7, 3, 600, '18.07.2014 20:14:40', '', 6),
(18, 1, 7, 7, 1, 800, '18.07.2014 20:14:40', '', 6),
(19, 1, 8, 7, 4, 500, '18.07.2014 20:14:40', '', 6),
(20, 1, 9, 7, 2, 700, '18.07.2014 20:14:40', '', 6),
(21, 1, 6, 5, 2, 700, '19.07.2014 20:14:40', '', 6),
(22, 1, 7, 5, 1, 800, '19.07.2014 20:14:40', '', 6),
(23, 1, 8, 5, 3, 600, '19.07.2014 20:14:40', '', 6),
(24, 1, 9, 5, 4, 500, '19.07.2014 20:14:40', '', 6),
(25, 1, 6, 60, 1, 800, '21.07.2014 20:14:40', '', 6),
(26, 1, 7, 60, 4, 500, '21.07.2014 20:14:40', '', 6),
(27, 1, 8, 60, 3, 600, '21.07.2014 20:14:40', '', 6),
(28, 1, 9, 60, 2, 700, '21.07.2014 20:14:40', '', 6),
(29, 1, 6, 61, 2, 700, '22.07.2014 20:14:40', '', 6),
(30, 1, 7, 61, 1, 800, '22.07.2014 20:14:40', '', 6),
(31, 1, 8, 61, 3, 600, '22.07.2014 20:14:40', '', 6),
(32, 1, 9, 61, 4, 500, '22.07.2014 20:14:40', '', 6),
(33, 1, 6, 56, 4, 500, '22.07.2014 22:14:40', '', 6),
(34, 1, 7, 56, 3, 600, '22.07.2014 22:14:40', '', 6),
(35, 1, 8, 56, 2, 700, '22.07.2014 22:14:40', '', 6),
(36, 1, 9, 56, 1, 800, '22.07.2014 22:14:40', '', 6),
(37, 1, 6, 8, 1, 800, '14.07.2014 20:14:40', '', 6),
(38, 1, 7, 8, 2, 700, '14.07.2014 20:14:40', '', 6),
(39, 1, 8, 8, 4, 500, '14.07.2014 20:14:40', '', 6),
(40, 1, 9, 8, 3, 600, '14.07.2014 20:14:40', '', 6),
(41, 1, 6, 59, 1, 800, '15.07.2014 20:14:40', '', 6),
(42, 1, 7, 59, 2, 700, '15.07.2014 20:14:40', '', 6),
(43, 1, 8, 59, 3, 600, '15.07.2014 20:14:40', '', 6),
(44, 1, 9, 59, 4, 500, '15.07.2014 20:14:40', '', 6),
(45, 1, 6, 62, 3, 600, '25.07.2014 20:14:40', '', 6),
(46, 1, 7, 62, 2, 700, '25.07.2014 20:14:40', '', 6),
(47, 1, 8, 62, 1, 800, '25.07.2014 20:14:40', '', 6),
(48, 1, 9, 62, 4, 500, '25.07.2014 20:14:40', '', 6),
(49, 1, 6, 64, 3, 600, '24.07.2014 20:14:40', '', 6),
(50, 1, 7, 64, 4, 500, '24.07.2014 20:14:40', '', 6),
(51, 1, 8, 64, 2, 700, '24.07.2014 20:14:40', '', 6),
(52, 1, 9, 64, 1, 800, '24.07.2014 20:14:40', '', 6),
(53, 1, 14, 34, 1, 800, '15.07.2012 14:50:40', '', 4),
(54, 1, 15, 34, 2, 700, '15.07.2012 14:50:40', '', 4),
(55, 1, 16, 34, 3, 600, '15.07.2012 14:50:40', '', 4),
(56, 1, 17, 34, 4, 500, '15.07.2012 14:50:40', '', 4),
(57, 1, 14, 35, 4, 500, '16.07.2012 14:50:40', '', 4),
(58, 1, 15, 35, 2, 700, '16.07.2012 14:50:40', '', 4),
(59, 1, 16, 35, 3, 600, '16.07.2012 14:50:40', '', 4),
(60, 1, 17, 35, 1, 800, '16.07.2012 14:50:40', '', 4),
(61, 1, 14, 17, 3, 600, '18.07.2012 14:50:40', '', 4),
(62, 1, 15, 17, 4, 500, '18.07.2012 14:50:40', '', 4),
(63, 1, 16, 17, 2, 700, '18.07.2012 14:50:40', '', 4),
(64, 1, 17, 17, 1, 800, '18.07.2012 14:50:40', '', 4),
(65, 1, 14, 36, 4, 500, '18.07.2012 18:50:40', '', 4),
(66, 1, 15, 36, 1, 800, '18.07.2012 18:50:40', '', 4),
(67, 1, 16, 36, 2, 700, '18.07.2012 18:50:40', '', 4),
(68, 1, 17, 36, 3, 600, '18.07.2012 18:50:40', '', 4),
(69, 1, 14, 37, 2, 700, '19.07.2012 14:50:40', '', 4),
(70, 1, 15, 37, 4, 500, '19.07.2012 14:50:40', '', 4),
(71, 1, 16, 37, 1, 800, '19.07.2012 14:50:40', '', 4),
(72, 1, 17, 37, 3, 600, '19.07.2012 14:50:40', '', 4),
(73, 1, 14, 38, 1, 800, '20.07.2012 17:04:55', '', 4),
(74, 1, 15, 38, 2, 700, '20.07.2012 17:04:55', '', 4),
(75, 1, 16, 38, 4, 500, '20.07.2012 17:04:55', '', 4),
(76, 1, 17, 38, 3, 600, '20.07.2012 17:04:55', '', 4),
(77, 1, 14, 39, 1, 800, '21.07.2012 17:07:48', '', 4),
(78, 1, 15, 39, 4, 500, '21.07.2012 17:07:48', '', 4),
(79, 1, 16, 39, 3, 600, '21.07.2012 17:07:48', '', 4),
(80, 1, 17, 39, 2, 700, '21.07.2012 17:07:48', '', 4),
(81, 1, 14, 40, 3, 600, '21.07.2012 17:07:48', '', 4),
(82, 1, 15, 40, 2, 700, '21.07.2012 17:07:48', '', 4),
(83, 1, 16, 40, 1, 800, '21.07.2012 17:07:48', '', 4),
(84, 1, 17, 40, 4, 500, '21.07.2012 17:07:48', '', 4),
(85, 1, 14, 41, 2, 700, '21.07.2012 17:07:48', '', 4),
(86, 1, 15, 41, 1, 800, '21.07.2012 17:07:48', '', 4),
(87, 1, 16, 41, 4, 500, '21.07.2012 17:07:48', '', 4),
(88, 1, 17, 41, 3, 600, '21.07.2012 17:07:48', '', 4),
(89, 1, 14, 42, 3, 600, '21.07.2012 17:07:48', '', 4),
(90, 1, 15, 42, 2, 700, '21.07.2012 17:07:48', '', 4),
(91, 1, 16, 42, 4, 500, '21.07.2012 17:07:48', '', 4),
(92, 1, 17, 42, 1, 800, '21.07.2012 17:07:48', '', 4),
(93, 1, 14, 8, 1, 800, '21.07.2012 17:07:48', '', 4),
(94, 1, 15, 8, 2, 700, '21.07.2012 17:07:48', '', 4),
(95, 1, 16, 8, 3, 600, '21.07.2012 17:07:48', '', 4),
(96, 1, 17, 8, 3, 600, '21.07.2012 17:07:48', '', 4),
(97, 1, 10, 49, 1, 800, '24.07.2013 17:38:15', '', 5),
(98, 1, 11, 49, 2, 700, '24.07.2013 17:38:15', '', 5),
(99, 1, 12, 49, 3, 600, '24.07.2013 17:38:15', '', 5),
(100, 1, 13, 49, 4, 500, '24.07.2013 17:38:15', '', 5),
(101, 1, 10, 50, 2, 700, '24.07.2013 17:38:15', '', 5),
(102, 1, 11, 50, 3, 600, '24.07.2013 17:38:15', '', 5),
(103, 1, 12, 50, 1, 800, '24.07.2013 17:38:15', '', 5),
(104, 1, 13, 50, 4, 500, '24.07.2013 17:38:15', '', 5),
(105, 1, 10, 51, 4, 500, '24.07.2013 17:38:15', '', 5),
(106, 1, 11, 51, 1, 800, '24.07.2013 17:38:15', '', 5),
(107, 1, 12, 51, 3, 600, '24.07.2013 17:38:15', '', 5),
(108, 1, 13, 51, 2, 700, '24.07.2013 17:38:15', '', 5),
(109, 1, 10, 52, 4, 500, '24.07.2013 17:38:15', '', 5),
(110, 1, 11, 52, 3, 600, '24.07.2013 17:38:15', '', 5),
(111, 1, 12, 52, 2, 700, '24.07.2013 17:38:15', '', 5),
(112, 1, 13, 52, 1, 800, '24.07.2013 17:38:15', '', 5),
(113, 1, 10, 53, 4, 500, '24.07.2013 17:38:15', '', 5),
(114, 1, 11, 53, 3, 600, '24.07.2013 17:38:15', '', 5),
(115, 1, 12, 53, 1, 800, '24.07.2013 17:38:15', '', 5),
(116, 1, 13, 53, 2, 700, '24.07.2013 17:38:15', '', 5),
(117, 1, 10, 54, 2, 700, '24.07.2013 17:38:15', '', 5),
(118, 1, 11, 54, 1, 800, '24.07.2013 17:38:15', '', 5),
(119, 1, 12, 54, 4, 500, '24.07.2013 17:38:15', '', 5),
(120, 1, 13, 54, 3, 600, '24.07.2013 17:38:15', '', 5),
(121, 1, 10, 7, 1, 800, '24.07.2013 17:38:15', '', 5),
(122, 1, 11, 7, 4, 600, '24.07.2013 17:38:15', '', 5),
(123, 1, 12, 7, 2, 700, '24.07.2013 17:38:15', '', 5),
(124, 1, 13, 7, 3, 600, '24.07.2013 17:38:15', '', 5),
(125, 1, 10, 8, 2, 800, '24.07.2013 17:38:15', '', 5),
(126, 1, 11, 8, 4, 600, '24.07.2013 17:38:15', '', 5),
(127, 1, 12, 8, 1, 700, '24.07.2013 17:38:15', '', 5),
(128, 1, 13, 8, 3, 600, '24.07.2013 17:38:15', '', 5),
(129, 1, 10, 10, 2, 700, '24.07.2013 17:38:15', '', 5),
(130, 1, 11, 10, 1, 800, '24.07.2013 17:38:15', '', 5),
(131, 1, 12, 10, 3, 600, '24.07.2013 17:38:15', '', 5),
(132, 1, 13, 10, 4, 500, '24.07.2013 17:38:15', '', 5),
(133, 1, 10, 67, 3, 600, '26.07.2013 17:47:33', '', 5),
(134, 1, 11, 67, 4, 500, '26.07.2013 17:47:33', '', 5),
(135, 1, 12, 67, 1, 800, '26.07.2013 17:47:33', '', 5),
(136, 1, 13, 67, 2, 700, '26.07.2013 17:47:33', '', 5),
(137, 1, 10, 5, 2, 700, '26.07.2013 17:47:33', '', 5),
(138, 1, 11, 5, 1, 800, '26.07.2013 17:47:33', '', 5),
(139, 1, 12, 5, 3, 600, '26.07.2013 17:47:33', '', 5),
(140, 1, 13, 5, 4, 500, '26.07.2013 17:47:33', '', 5),
(141, 1, 6, 10, 2, 700, '18.07.2014 18:10:26', '', 6),
(142, 1, 7, 10, 1, 800, '18.07.2014 18:10:26', '', 6),
(143, 1, 8, 10, 4, 500, '18.07.2014 18:10:26', '', 6),
(144, 1, 9, 10, 3, 600, '18.07.2014 18:10:26', '', 6),
(145, 1, 6, 7, 4, 500, '18.07.2014 18:10:26', '', 6),
(146, 1, 7, 7, 3, 600, '18.07.2014 18:10:26', '', 6),
(147, 1, 8, 7, 1, 800, '18.07.2014 18:10:26', '', 6),
(148, 1, 9, 7, 2, 700, '18.07.2014 18:10:26', '', 6);

-- --------------------------------------------------------

--
-- Struktura tabulky `team`
--

CREATE TABLE IF NOT EXISTS `team` (
  `id` int(10) NOT NULL AUTO_INCREMENT,
  `active` tinyint(1) NOT NULL,
  `number` int(10) NOT NULL,
  `name` varchar(100) COLLATE utf8_czech_ci NOT NULL,
  `headId` int(10) NOT NULL,
  `instrId` int(10) NOT NULL,
  `camp` int(10) NOT NULL,
  PRIMARY KEY (`id`),
  KEY `headId` (`headId`,`instrId`),
  KEY `camp` (`camp`),
  KEY `instrId` (`instrId`)
) ENGINE=InnoDB  DEFAULT CHARSET=utf8 COLLATE=utf8_czech_ci AUTO_INCREMENT=18 ;

--
-- Vypisuji data pro tabulku `team`
--

INSERT INTO `team` (`id`, `active`, `number`, `name`, `headId`, `instrId`, `camp`) VALUES
(2, 1, 1, 'Jednicka', 3, 10, 3),
(3, 1, 2, 'Dvojka', 5, 7, 3),
(4, 1, 3, 'Trojka', 4, 6, 3),
(5, 1, 4, 'Čtverka', 8, 9, 3),
(6, 1, 1, 'Palermos', 3, 11, 6),
(7, 1, 2, 'Juliáni', 15, 6, 6),
(8, 1, 3, 'Omerta', 4, 7, 6),
(9, 1, 4, 'Los Žandos', 8, 35, 6),
(10, 1, 1, 'Alfa', 3, 29, 5),
(11, 1, 2, 'Bravo', 4, 7, 5),
(12, 1, 3, 'Charlie', 10, 6, 5),
(13, 1, 4, 'Delta', 8, 9, 5),
(14, 1, 1, 'Jednička', 3, 32, 4),
(15, 1, 2, 'Dvojka', 33, 6, 4),
(16, 1, 3, 'Trojka', 30, 34, 4),
(17, 1, 4, 'Čtverka', 8, 31, 4);

--
-- Omezení pro exportované tabulky
--

--
-- Omezení pro tabulku `child_camp`
--
ALTER TABLE `child_camp`
  ADD CONSTRAINT `child_camp_ibfk_1` FOREIGN KEY (`child_id`) REFERENCES `child` (`id`) ON DELETE CASCADE ON UPDATE CASCADE,
  ADD CONSTRAINT `child_camp_ibfk_2` FOREIGN KEY (`camp_id`) REFERENCES `camp` (`id`) ON DELETE CASCADE ON UPDATE CASCADE,
  ADD CONSTRAINT `child_camp_ibfk_3` FOREIGN KEY (`team_id`) REFERENCES `team` (`id`) ON DELETE CASCADE ON UPDATE CASCADE,
  ADD CONSTRAINT `child_camp_ibfk_4` FOREIGN KEY (`category_id`) REFERENCES `category` (`id`);

--
-- Omezení pro tabulku `game`
--
ALTER TABLE `game`
  ADD CONSTRAINT `game_ibfk_1` FOREIGN KEY (`type`) REFERENCES `game_type` (`id`) ON DELETE CASCADE ON UPDATE CASCADE;

--
-- Omezení pro tabulku `lead_camp`
--
ALTER TABLE `lead_camp`
  ADD CONSTRAINT `lead_camp_ibfk_1` FOREIGN KEY (`lead_id`) REFERENCES `lead` (`id`) ON DELETE CASCADE ON UPDATE CASCADE,
  ADD CONSTRAINT `lead_camp_ibfk_2` FOREIGN KEY (`camp_id`) REFERENCES `camp` (`id`) ON DELETE CASCADE ON UPDATE CASCADE,
  ADD CONSTRAINT `lead_camp_ibfk_3` FOREIGN KEY (`function_id`) REFERENCES `function` (`id`) ON DELETE CASCADE ON UPDATE CASCADE;

--
-- Omezení pro tabulku `points_child`
--
ALTER TABLE `points_child`
  ADD CONSTRAINT `points_child_ibfk_1` FOREIGN KEY (`childId`) REFERENCES `child` (`id`) ON DELETE CASCADE ON UPDATE CASCADE,
  ADD CONSTRAINT `points_child_ibfk_2` FOREIGN KEY (`game`) REFERENCES `game` (`id`) ON DELETE CASCADE ON UPDATE CASCADE,
  ADD CONSTRAINT `points_child_ibfk_3` FOREIGN KEY (`camp`) REFERENCES `camp` (`id`) ON DELETE CASCADE ON UPDATE CASCADE;

--
-- Omezení pro tabulku `points_team`
--
ALTER TABLE `points_team`
  ADD CONSTRAINT `points_team_ibfk_2` FOREIGN KEY (`game`) REFERENCES `game` (`id`) ON DELETE CASCADE ON UPDATE CASCADE,
  ADD CONSTRAINT `points_team_ibfk_3` FOREIGN KEY (`camp`) REFERENCES `camp` (`id`) ON DELETE CASCADE ON UPDATE CASCADE,
  ADD CONSTRAINT `points_team_ibfk_4` FOREIGN KEY (`team`) REFERENCES `team` (`id`) ON DELETE CASCADE ON UPDATE CASCADE;

--
-- Omezení pro tabulku `race`
--
ALTER TABLE `race`
  ADD CONSTRAINT `race_ibfk_1` FOREIGN KEY (`game`) REFERENCES `game` (`id`) ON DELETE CASCADE ON UPDATE CASCADE,
  ADD CONSTRAINT `race_ibfk_2` FOREIGN KEY (`camp`) REFERENCES `camp` (`id`) ON DELETE CASCADE ON UPDATE CASCADE,
  ADD CONSTRAINT `race_ibfk_3` FOREIGN KEY (`state`) REFERENCES `race_state` (`id`);

--
-- Omezení pro tabulku `results_team`
--
ALTER TABLE `results_team`
  ADD CONSTRAINT `results_team_ibfk_1` FOREIGN KEY (`game`) REFERENCES `game` (`id`) ON DELETE CASCADE ON UPDATE CASCADE,
  ADD CONSTRAINT `results_team_ibfk_2` FOREIGN KEY (`team`) REFERENCES `team` (`id`) ON DELETE CASCADE ON UPDATE CASCADE,
  ADD CONSTRAINT `results_team_ibfk_3` FOREIGN KEY (`camp`) REFERENCES `camp` (`id`) ON DELETE CASCADE ON UPDATE CASCADE;

--
-- Omezení pro tabulku `team`
--
ALTER TABLE `team`
  ADD CONSTRAINT `team_ibfk_1` FOREIGN KEY (`camp`) REFERENCES `camp` (`id`),
  ADD CONSTRAINT `team_ibfk_2` FOREIGN KEY (`headId`) REFERENCES `lead` (`id`) ON DELETE CASCADE ON UPDATE CASCADE,
  ADD CONSTRAINT `team_ibfk_3` FOREIGN KEY (`instrId`) REFERENCES `lead` (`id`) ON DELETE CASCADE ON UPDATE CASCADE;

/*!40101 SET CHARACTER_SET_CLIENT=@OLD_CHARACTER_SET_CLIENT */;
/*!40101 SET CHARACTER_SET_RESULTS=@OLD_CHARACTER_SET_RESULTS */;
/*!40101 SET COLLATION_CONNECTION=@OLD_COLLATION_CONNECTION */;
